#
# There is insufficient memory for the Java Runtime Environment to continue.
# Native memory allocation (mmap) failed to map 65536 bytes for Failed to commit metaspace.
# Possible reasons:
#   The system is out of physical RAM or swap space
#   The process is running with CompressedOops enabled, and the Java Heap may be blocking the growth of the native heap
# Possible solutions:
#   Reduce memory load on the system
#   Increase physical memory or swap space
#   Check if swap backing store is full
#   Decrease Java heap size (-Xmx/-Xms)
#   Decrease number of Java threads
#   Decrease Java thread stack sizes (-Xss)
#   Set larger code cache with -XX:ReservedCodeCacheSize=
#   JVM is running with Zero Based Compressed Oops mode in which the Java heap is
#     placed in the first 32GB address space. The Java Heap base address is the
#     maximum limit for the native heap growth. Please use -XX:HeapBaseMinAddress
#     to set the Java Heap base and to place the Java Heap above 32GB virtual address.
# This output file may be truncated or incomplete.
#
#  Out of Memory Error (virtualSpaceNode.cpp:112), pid=9860, tid=26480
#
# JRE version: OpenJDK Runtime Environment (21.0.1+12) (build 21.0.1+12-29)
# Java VM: OpenJDK 64-Bit Server VM (21.0.1+12-29, mixed mode, emulated-client, sharing, tiered, compressed oops, compressed class ptrs, g1 gc, windows-amd64)
# No core dump will be written. Minidumps are not enabled by default on client versions of Windows
#

---------------  S U M M A R Y ------------

Command Line: -Duser.timezone=Asia/Ho_Chi_Minh -XX:TieredStopAtLevel=1 -Dspring.output.ansi.enabled=always -Dcom.sun.management.jmxremote -Dspring.jmx.enabled=true -Dspring.liveBeansView.mbeanDomain -Dspring.application.admin.enabled=true -Dmanagement.endpoints.jmx.exposure.include=* -javaagent:D:\IntelliJ IDEA 2025.2\lib\idea_rt.jar=51372 -Dfile.encoding=UTF-8 -Dsun.stdout.encoding=UTF-8 -Dsun.stderr.encoding=UTF-8 com.ticket.TicketApplication

Host: 12th Gen Intel(R) Core(TM) i5-12450H, 12 cores, 15G,  Windows 11 , 64 bit Build 26100 (10.0.26100.7309)
Time: Wed Jan 14 16:14:35 2026 SE Asia Standard Time elapsed time: 7.070542 seconds (0d 0h 0m 7s)

---------------  T H R E A D  ---------------

Current thread (0x000001c45dbcb140):  JavaThread "main"             [_thread_in_vm, id=26480, stack(0x000000685a300000,0x000000685a400000) (1024K)]

Stack: [0x000000685a300000,0x000000685a400000]
Native frames: (J=compiled Java code, j=interpreted, Vv=VM code, C=native code)
V  [jvm.dll+0x6c9029]
V  [jvm.dll+0x854b81]
V  [jvm.dll+0x856e5e]
V  [jvm.dll+0x857543]
V  [jvm.dll+0x280c06]
V  [jvm.dll+0x8508ae]
V  [jvm.dll+0x66ca45]
V  [jvm.dll+0x1e677c]
V  [jvm.dll+0x1e654e]
V  [jvm.dll+0x66f35c]
V  [jvm.dll+0x66f172]
V  [jvm.dll+0x66d41e]
V  [jvm.dll+0x27db26]
V  [jvm.dll+0x71e545]
V  [jvm.dll+0x71f08f]
V  [jvm.dll+0x3c297f]
V  [jvm.dll+0x46f1dc]
V  [jvm.dll+0x47a4bd]
C  0x000001c467b1c892

The last pc belongs to native method entry point (kind = native) (printed below).
Java frames: (J=compiled Java code, j=interpreted, Vv=VM code)
j  java.lang.Class.getDeclaredConstructors0(Z)[Ljava/lang/reflect/Constructor;+0 java.base@21.0.1
J 932 c1 java.lang.Class.privateGetDeclaredConstructors(Z)[Ljava/lang/reflect/Constructor; java.base@21.0.1 (79 bytes) @ 0x000001c467d38ddc [0x000001c467d38c80+0x000000000000015c]
J 955 c1 java.lang.Class.getConstructor0([Ljava/lang/Class;I)Ljava/lang/reflect/Constructor; java.base@21.0.1 (83 bytes) @ 0x000001c467d30d14 [0x000001c467d30ba0+0x0000000000000174]
j  java.lang.Class.getConstructor([Ljava/lang/Class;)Ljava/lang/reflect/Constructor;+24 java.base@21.0.1
j  ch.qos.logback.classic.util.ContextInitializer.instantiateConfiguratorByClassName(Ljava/lang/String;Ljava/lang/ClassLoader;)Lch/qos/logback/classic/spi/Configurator;+11
j  ch.qos.logback.classic.util.ContextInitializer.autoConfig(Ljava/lang/ClassLoader;)V+149
j  ch.qos.logback.classic.util.ContextInitializer.autoConfig()V+6
j  ch.qos.logback.classic.spi.LogbackServiceProvider.initializeLoggerContext()V+11
j  ch.qos.logback.classic.spi.LogbackServiceProvider.initialize()V+21
j  org.slf4j.LoggerFactory.bind()V+40
j  org.slf4j.LoggerFactory.performInitialization()V+0
j  org.slf4j.LoggerFactory.getProvider()Lorg/slf4j/spi/SLF4JServiceProvider;+21
j  org.slf4j.LoggerFactory.getILoggerFactory()Lorg/slf4j/ILoggerFactory;+0
j  org.slf4j.LoggerFactory.getLogger(Ljava/lang/String;)Lorg/slf4j/Logger;+0
j  org.apache.commons.logging.LogAdapter$Slf4jAdapter.createLocationAwareLog(Ljava/lang/String;)Lorg/apache/commons/logging/Log;+1
j  org.apache.commons.logging.LogAdapter$$Lambda+0x000001c4010ca438.apply(Ljava/lang/Object;)Ljava/lang/Object;+4
j  org.apache.commons.logging.LogAdapter.createLog(Ljava/lang/String;)Lorg/apache/commons/logging/Log;+4
j  org.apache.commons.logging.LogFactory.getLog(Ljava/lang/String;)Lorg/apache/commons/logging/Log;+1
j  org.apache.commons.logging.LogFactory.getLog(Ljava/lang/Class;)Lorg/apache/commons/logging/Log;+4
j  org.springframework.boot.SpringApplication.<clinit>()V+2
v  ~StubRoutines::call_stub 0x000001c467b1100d
j  com.ticket.TicketApplication.main([Ljava/lang/String;)V+3
v  ~StubRoutines::call_stub 0x000001c467b1100d
native method entry point (kind = native)  [0x000001c467b1c4a0, 0x000001c467b1cf88]  2792 bytes
[MachCode]
  0x000001c467b1c4a0: 488b 4b08 | 0fb7 492e | 584c 8d74 | ccf8 6800 | 0000 0068 | 0000 0000 | 5055 488b | ec41 5568 
  0x000001c467b1c4c0: 0000 0000 | 4c8b 6b08 | 4d8d 6d38 | 5348 8b53 | 0848 8b52 | 0848 8b52 | 1848 8b52 | 7048 8b12 
  0x000001c467b1c4e0: 5268 0000 | 0000 488b | 5308 488b | 5208 488b | 5210 5249 | 8bc6 482b | c548 c1e8 | 0350 6800 
  0x000001c467b1c500: 0000 0068 | 0000 0000 | 4889 2424 | 41c6 8779 | 0400 0001 | 488b 4318 | 4885 c00f | 85b0 0000 
  0x000001c467b1c520: 00e8 0500 | 0000 e999 | 0000 0048 | 8bd3 488d | 4424 084c | 896d c049 | 8bcf c5f8 | 7749 89af 
  0x000001c467b1c540: a803 0000 | 4989 8798 | 0300 0048 | 83ec 2040 | f6c4 0f0f | 8419 0000 | 0048 83ec | 0848 b840 
  0x000001c467b1c560: 3f5b 57fa | 7f00 00ff | d048 83c4 | 08e9 0c00 | 0000 48b8 | 403f 5b57 | fa7f 0000 | ffd0 4883 
  0x000001c467b1c580: c420 49c7 | 8798 0300 | 0000 0000 | 0049 c787 | a803 0000 | 0000 0000 | 49c7 87a0 | 0300 0000 
  0x000001c467b1c5a0: 0000 00c5 | f877 4983 | 7f08 000f | 8405 0000 | 00e9 4a49 | ffff 4c8b | 6dc0 4c8b | 75c8 4e8d 
  0x000001c467b1c5c0: 74f5 00c3 | 488b 4318 | 4885 c00f | 8412 0000 | 008b 4808 | 83c1 0289 | 4808 2348 | 1c0f 84f7 
  0x000001c467b1c5e0: 0800 0049 | 3ba7 e804 | 0000 0f87 | 4800 0000 | 8984 2400 | f0ff ff89 | 8424 00e0 | ffff 8984 
  0x000001c467b1c600: 2400 d0ff | ff89 8424 | 00c0 ffff | 8984 2400 | b0ff ff89 | 8424 00a0 | ffff 8984 | 2400 90ff 
  0x000001c467b1c620: ff89 8424 | 0080 ffff | 493b a7e0 | 0400 0076 | 0749 89a7 | e804 0000 | 41c6 8779 | 0400 0000 
  0x000001c467b1c640: 49ba c925 | e057 fa7f | 0000 4180 | 3a00 0f84 | 3e00 0000 | 488b 55e8 | 498b cf48 | 83ec 2040 
  0x000001c467b1c660: f6c4 0f0f | 8419 0000 | 0048 83ec | 0848 b830 | eb90 57fa | 7f00 00ff | d048 83c4 | 08e9 0c00 
  0x000001c467b1c680: 0000 48b8 | 30eb 9057 | fa7f 0000 | ffd0 4883 | c420 488b | 5de8 4c8b | 5b08 450f | b75b 2e41 
  0x000001c467b1c6a0: c1e3 0349 | 2be3 4883 | ec20 4883 | e4f0 4c8b | 5b60 4d85 | db0f 85ab | 0000 00e8 | 0500 0000 
  0x000001c467b1c6c0: e999 0000 | 0048 8bd3 | 488d 4424 | 084c 896d | c049 8bcf | c5f8 7749 | 89af a803 | 0000 4989 
  0x000001c467b1c6e0: 8798 0300 | 0048 83ec | 2040 f6c4 | 0f0f 8419 | 0000 0048 | 83ec 0848 | b800 665b | 57fa 7f00 
  0x000001c467b1c700: 00ff d048 | 83c4 08e9 | 0c00 0000 | 48b8 0066 | 5b57 fa7f | 0000 ffd0 | 4883 c420 | 49c7 8798 
  0x000001c467b1c720: 0300 0000 | 0000 0049 | c787 a803 | 0000 0000 | 0000 49c7 | 87a0 0300 | 0000 0000 | 00c5 f877 
  0x000001c467b1c740: 4983 7f08 | 000f 8405 | 0000 00e9 | b047 ffff | 4c8b 6dc0 | 4c8b 75c8 | 4e8d 74f5 | 00c3 488b 
  0x000001c467b1c760: 5de8 4c8b | 5b60 41ff | d348 8b5d | e848 8945 | 1844 8b5b | 2841 f6c3 | 080f 841b | 0000 004c 
  0x000001c467b1c780: 8b5b 084d | 8b5b 084d | 8b5b 184d | 8b5b 704d | 8b1b 4c89 | 5d10 488d | 5510 488b | 4358 49ba 
  0x000001c467b1c7a0: 7040 9157 | fa7f 0000 | 493b c20f | 85ab 0000 | 00e8 0500 | 0000 e999 | 0000 0048 | 8bd3 488d 
  0x000001c467b1c7c0: 4424 084c | 896d c049 | 8bcf c5f8 | 7749 89af | a803 0000 | 4989 8798 | 0300 0048 | 83ec 2040 
  0x000001c467b1c7e0: f6c4 0f0f | 8419 0000 | 0048 83ec | 0848 b800 | 665b 57fa | 7f00 00ff | d048 83c4 | 08e9 0c00 
  0x000001c467b1c800: 0000 48b8 | 0066 5b57 | fa7f 0000 | ffd0 4883 | c420 49c7 | 8798 0300 | 0000 0000 | 0049 c787 
  0x000001c467b1c820: a803 0000 | 0000 0000 | 49c7 87a0 | 0300 0000 | 0000 00c5 | f877 4983 | 7f08 000f | 8405 0000 
  0x000001c467b1c840: 00e9 ba46 | ffff 4c8b | 6dc0 4c8b | 75c8 4e8d | 74f5 00c3 | 488b 5de8 | 488b 4358 | 498d 8fb8 
  0x000001c467b1c860: 0300 00c5 | f877 4989 | afa8 0300 | 0049 ba63 | c8b1 67c4 | 0100 004d | 8997 a003 | 0000 4989 
  0x000001c467b1c880: a798 0300 | 0041 c787 | 4c04 0000 | 0400 0000 | ffd0 c5f8 | 7748 83ec | 10c5 fb11 | 0424 4883 
  0x000001c467b1c8a0: ec10 4889 | 0424 48c7 | 4424 0800 | 0000 0041 | c787 4c04 | 0000 0500 | 0000 f083 | 4424 c000 
  0x000001c467b1c8c0: 493b af50 | 0400 000f | 870e 0000 | 0041 83bf | 4804 0000 | 000f 8420 | 0000 0049 | 8bcf 4c8b 
  0x000001c467b1c8e0: e448 83ec | 2048 83e4 | f048 b8c0 | be5c 57fa | 7f00 00ff | d049 8be4 | 4d33 e441 | c787 4c04 
  0x000001c467b1c900: 0000 0800 | 0000 49c7 | 8798 0300 | 0000 0000 | 0049 c787 | a803 0000 | 0000 0000 | 49c7 87a0 
  0x000001c467b1c920: 0300 0000 | 0000 00c5 | f877 4d8b | 9f28 0400 | 0041 c783 | 0001 0000 | 0000 0000 | 49bb 5aa0 
  0x000001c467b1c940: b167 c401 | 0000 4c3b | 5d18 0f85 | 2402 0000 | 488b 0424 | 4883 c410 | 4885 c00f | 84fe 0100 
  0x000001c467b1c960: 00a8 030f | 8508 0000 | 0048 8b00 | e9ee 0100 | 00a8 010f | 8509 0000 | 0048 8b40 | fee9 dd01 
  0x000001c467b1c980: 0000 488b | 40ff 4180 | 7f40 000f | 84ce 0100 | 0048 83f8 | 000f 84c4 | 0100 004d | 8b5f 2849 
  0x000001c467b1c9a0: 83fb 000f | 8414 0000 | 0049 83eb | 084d 895f | 284d 035f | 3849 8903 | e9a2 0100 | 0048 81ec 
  0x000001c467b1c9c0: d000 0000 | 4889 0424 | 4889 4c24 | 0848 8954 | 2410 4889 | 7424 1848 | 897c 2420 | 4c89 4424 
  0x000001c467b1c9e0: 284c 894c | 2430 4c89 | 5424 384c | 895c 2440 | c5fb 1144 | 2450 c5fb | 114c 2458 | c5fb 1154 
  0x000001c467b1ca00: 2460 c5fb | 115c 2468 | c5fb 1164 | 2470 c5fb | 116c 2478 | c5fb 11b4 | 2480 0000 | 00c5 fb11 
  0x000001c467b1ca20: bc24 8800 | 0000 c57b | 1184 2490 | 0000 00c5 | 7b11 8c24 | 9800 0000 | c57b 1194 | 24a0 0000 
  0x000001c467b1ca40: 00c5 7b11 | 9c24 a800 | 0000 c57b | 11a4 24b0 | 0000 00c5 | 7b11 ac24 | b800 0000 | c57b 11b4 
  0x000001c467b1ca60: 24c0 0000 | 00c5 7b11 | bc24 c800 | 0000 498b | d748 8bc8 | 4883 ec20 | 40f6 c40f | 0f84 1900 
  0x000001c467b1ca80: 0000 4883 | ec08 48b8 | b022 5057 | fa7f 0000 | ffd0 4883 | c408 e90c | 0000 0048 | b8b0 2250 
  0x000001c467b1caa0: 57fa 7f00 | 00ff d048 | 83c4 20c5 | 7b10 bc24 | c800 0000 | c57b 10b4 | 24c0 0000 | 00c5 7b10 
  0x000001c467b1cac0: ac24 b800 | 0000 c57b | 10a4 24b0 | 0000 00c5 | 7b10 9c24 | a800 0000 | c57b 1094 | 24a0 0000 
  0x000001c467b1cae0: 00c5 7b10 | 8c24 9800 | 0000 c57b | 1084 2490 | 0000 00c5 | fb10 bc24 | 8800 0000 | c5fb 10b4 
  0x000001c467b1cb00: 2480 0000 | 00c5 fb10 | 6c24 78c5 | fb10 6424 | 70c5 fb10 | 5c24 68c5 | fb10 5424 | 60c5 fb10 
  0x000001c467b1cb20: 4c24 58c5 | fb10 4424 | 504c 8b5c | 2440 4c8b | 5424 384c | 8b4c 2430 | 4c8b 4424 | 2848 8b7c 
  0x000001c467b1cb40: 2420 488b | 7424 1848 | 8b54 2410 | 488b 4c24 | 0848 8b04 | 2448 81c4 | d000 0000 | c5f8 7748 
  0x000001c467b1cb60: 8945 1048 | 83ec 1048 | 8904 2448 | c744 2408 | 0000 0000 | 4183 bfc8 | 0400 0002 | 0f85 bf00 
  0x000001c467b1cb80: 0000 4881 | ec80 0000 | 0048 8944 | 2478 4889 | 4c24 7048 | 8954 2468 | 4889 5c24 | 6048 896c 
  0x000001c467b1cba0: 2450 4889 | 7424 4848 | 897c 2440 | 4c89 4424 | 384c 894c | 2430 4c89 | 5424 284c | 895c 2420 
  0x000001c467b1cbc0: 4c89 6424 | 184c 896c | 2410 4c89 | 7424 084c | 893c 244c | 8be4 4883 | ec20 4883 | e4f0 48b8 
  0x000001c467b1cbe0: 6023 9157 | fa7f 0000 | ffd0 498b | e44c 8b3c | 244c 8b74 | 2408 4c8b | 6c24 104c | 8b64 2418 
  0x000001c467b1cc00: 4c8b 5c24 | 204c 8b54 | 2428 4c8b | 4c24 304c | 8b44 2438 | 488b 7c24 | 4048 8b74 | 2448 488b 
  0x000001c467b1cc20: 6c24 5048 | 8b5c 2460 | 488b 5424 | 6848 8b4c | 2470 488b | 4424 7848 | 81c4 8000 | 0000 4d33 
  0x000001c467b1cc40: e448 8b5d | e84c 8b6b | 084d 8d6d | 3849 837f | 0800 0f84 | bb00 0000 | e805 0000 | 00e9 9600 
  0x000001c467b1cc60: 0000 488d | 4424 084c | 896d c049 | 8bcf c5f8 | 7749 89af | a803 0000 | 4989 8798 | 0300 0048 
  0x000001c467b1cc80: 83ec 2040 | f6c4 0f0f | 8419 0000 | 0048 83ec | 0848 b890 | 835b 57fa | 7f00 00ff | d048 83c4 
  0x000001c467b1cca0: 08e9 0c00 | 0000 48b8 | 9083 5b57 | fa7f 0000 | ffd0 4883 | c420 49c7 | 8798 0300 | 0000 0000 
  0x000001c467b1ccc0: 0049 c787 | a803 0000 | 0000 0000 | 49c7 87a0 | 0300 0000 | 0000 00c5 | f877 4983 | 7f08 000f 
  0x000001c467b1cce0: 8405 0000 | 00e9 1642 | ffff 4c8b | 6dc0 4c8b | 75c8 4e8d | 74f5 00c3 | 48b9 e027 | b857 fa7f 
  0x000001c467b1cd00: 0000 4883 | e4f0 48b8 | e00f 8057 | fa7f 0000 | ffd0 f444 | 8b5b 2841 | f6c3 200f | 8444 0100 
  0x000001c467b1cd20: 0048 8d55 | a84c 8b5a | 084d 85db | 0f85 bb00 | 0000 e805 | 0000 00e9 | 9600 0000 | 488d 4424 
  0x000001c467b1cd40: 084c 896d | c049 8bcf | c5f8 7749 | 89af a803 | 0000 4989 | 8798 0300 | 0048 83ec | 2040 f6c4 
  0x000001c467b1cd60: 0f0f 8419 | 0000 0048 | 83ec 0848 | b8c0 825b | 57fa 7f00 | 00ff d048 | 83c4 08e9 | 0c00 0000 
  0x000001c467b1cd80: 48b8 c082 | 5b57 fa7f | 0000 ffd0 | 4883 c420 | 49c7 8798 | 0300 0000 | 0000 0049 | c787 a803 
  0x000001c467b1cda0: 0000 0000 | 0000 49c7 | 87a0 0300 | 0000 0000 | 00c5 f877 | 4983 7f08 | 000f 8405 | 0000 00e9 
  0x000001c467b1cdc0: 3c41 ffff | 4c8b 6dc0 | 4c8b 75c8 | 4e8d 74f5 | 00c3 48b9 | e027 b857 | fa7f 0000 | 4883 e4f0 
  0x000001c467b1cde0: 48b8 e00f | 8057 fa7f | 0000 ffd0 | f44c 896d | c048 8d02 | 4c8b 4a08 | 48c7 4208 | 0000 0000 
  0x000001c467b1ce00: 4c8b 004d | 85c0 0f84 | 0b00 0000 | f04d 0fb1 | 010f 850c | 0000 0049 | ff8f 5005 | 0000 e93e 
  0x000001c467b1ce20: 0000 004c | 894a 0848 | 8bca 4883 | ec20 40f6 | c40f 0f84 | 1900 0000 | 4883 ec08 | 48b8 f055 
  0x000001c467b1ce40: 5b57 fa7f | 0000 ffd0 | 4883 c408 | e90c 0000 | 0048 b8f0 | 555b 57fa | 7f00 00ff | d048 83c4 
  0x000001c467b1ce60: 204c 8b6d | c049 bac9 | 25e0 57fa | 7f00 0041 | 803a 000f | 843e 0000 | 0048 8b55 | e849 8bcf 
  0x000001c467b1ce80: 4883 ec20 | 40f6 c40f | 0f84 1900 | 0000 4883 | ec08 48b8 | 30eb 9057 | fa7f 0000 | ffd0 4883 
  0x000001c467b1cea0: c408 e90c | 0000 0048 | b830 eb90 | 57fa 7f00 | 00ff d048 | 83c4 2048 | 8b04 2448 | 83c4 10c5 
  0x000001c467b1cec0: fb10 0424 | 4883 c410 | 4c8b 5d18 | 41ff d34c | 8b5d f8c9 | 5f49 8be3 | ffe7 ba00 | 0000 00e8 
  0x000001c467b1cee0: 0500 0000 | e996 0000 | 0048 8d44 | 2408 4c89 | 6dc0 498b | cfc5 f877 | 4989 afa8 | 0300 0049 
  0x000001c467b1cf00: 8987 9803 | 0000 4883 | ec20 40f6 | c40f 0f84 | 1900 0000 | 4883 ec08 | 48b8 c049 | 5b57 fa7f 
  0x000001c467b1cf20: 0000 ffd0 | 4883 c408 | e90c 0000 | 0048 b8c0 | 495b 57fa | 7f00 00ff | d048 83c4 | 2049 c787 
  0x000001c467b1cf40: 9803 0000 | 0000 0000 | 49c7 87a8 | 0300 0000 | 0000 0049 | c787 a003 | 0000 0000 | 0000 c5f8 
  0x000001c467b1cf60: 7749 837f | 0800 0f84 | 0500 0000 | e98f 3fff | ff4c 8b6d | c04c 8b75 | c84e 8d74 | f500 c348 
  0x000001c467b1cf80: 8b5d e8e9 | 5bf6 ffff 
[/MachCode]

Compiled method (c1)    7097  932       1       java.lang.Class::privateGetDeclaredConstructors (79 bytes)
 total in heap  [0x000001c467d38a90,0x000001c467d39178] = 1768
 relocation     [0x000001c467d38bf0,0x000001c467d38c68] = 120
 main code      [0x000001c467d38c80,0x000001c467d38fa8] = 808
 stub code      [0x000001c467d38fa8,0x000001c467d39008] = 96
 metadata       [0x000001c467d39008,0x000001c467d39010] = 8
 scopes data    [0x000001c467d39010,0x000001c467d39078] = 104
 scopes pcs     [0x000001c467d39078,0x000001c467d39138] = 192
 dependencies   [0x000001c467d39138,0x000001c467d39140] = 8
 nul chk table  [0x000001c467d39140,0x000001c467d39178] = 56

[Constant Pool (empty)]

[MachCode]
[Entry Point]
  # {method} {0x000001c40046ed20} 'privateGetDeclaredConstructors' '(Z)[Ljava/lang/reflect/Constructor;' in 'java/lang/Class'
  # this:     rdx:rdx   = 'java/lang/Class'
  # parm0:    r8        = boolean
  #           [sp+0x50]  (sp of caller)
  0x000001c467d38c80: 448b 5208 | 49bb 0000 | 0000 c401 | 0000 4d03 | d34c 3bd0 

  0x000001c467d38c94: ;   {runtime_call ic_miss_stub}
  0x000001c467d38c94: 0f85 e65a | e2ff 660f | 1f44 0000 
[Verified Entry Point]
  0x000001c467d38ca0: 8984 2400 | 80ff ff55 | 4883 ec40 | 4181 7f20 | 0100 0000 

  0x000001c467d38cb4: ;   {runtime_call StubRoutines (final stubs)}
  0x000001c467d38cb4: 7405 e8a5 | c0e0 ff44 | 8944 2418 | 488b f248 | 8bd6 4889 | 7424 200f 

  0x000001c467d38ccc: ;   {optimized virtual_call}
  0x000001c467d38ccc: 1f40 00e8 

  0x000001c467d38cd0: ; ImmutableOopMap {[32]=Oop }
                      ;*invokevirtual reflectionData {reexecute=0 rethrow=0 return_oop=0}
                      ; - java.lang.Class::privateGetDeclaredConstructors@1 (line 3538)
  0x000001c467d38cd0: 0c95 0200 

  0x000001c467d38cd4: ;   {other}
  0x000001c467d38cd4: 0f1f 8400 | 4402 0000 | 4883 f800 | 0f84 2c00 | 0000 448b | 4424 1841 | 83f8 000f | 840c 0000 
  0x000001c467d38cf4: 008b 5024 | 48c1 e203 | e907 0000 | 008b 5020 | 48c1 e203 | 4883 fa00 | 0f85 7c01 | 0000 4889 
  0x000001c467d38d14: 4424 2848 | 8b54 2420 

  0x000001c467d38d1c: ;   {optimized virtual_call}
  0x000001c467d38d1c: 6666 90e8 

  0x000001c467d38d20: ; ImmutableOopMap {[32]=Oop [40]=Oop }
                      ;*invokevirtual isInterface {reexecute=0 rethrow=0 return_oop=0}
                      ; - java.lang.Class::privateGetDeclaredConstructors@32 (line 3544)
  0x000001c467d38d20: 9cb8 0800 

  0x000001c467d38d24: ;   {other}
  0x000001c467d38d24: 0f1f 8400 | 9402 0001 | 83f8 000f | 8496 0000 | 00bb 0000 

  0x000001c467d38d38: ;   {metadata('java/lang/reflect/Constructor'[])}
  0x000001c467d38d38: 0000 48ba | 286d 0100 | c401 0000 | 4863 db48 | 8bfb 4881 | fbff ffff | 000f 8757 | 0100 0048 
  0x000001c467d38d58: be17 0000 | 0000 0000 | 0048 8d34 | 9e48 83e6 | f849 8b87 | b801 0000 | 488d 3430 | 493b b7c8 
  0x000001c467d38d78: 0100 000f | 872d 0100 | 0049 89b7 | b801 0000 | 482b f048 | c700 0100 | 0000 488b | ca49 ba00 
  0x000001c467d38d98: 0000 00c4 | 0100 0049 | 2bca 8948 | 0889 580c | 4883 ee10 | 4885 f60f | 8411 0000 | 0048 33db 
  0x000001c467d38db8: 48c1 ee03 | 4889 5cf0 | 0848 ffce | 75f6 e919 | 0000 0048 | 8b54 2420 | 448b 4424 

  0x000001c467d38dd4: ;   {optimized virtual_call}
  0x000001c467d38dd4: 1866 90e8 

  0x000001c467d38dd8: ; ImmutableOopMap {[40]=Oop }
                      ;*invokevirtual getDeclaredConstructors0 {reexecute=0 rethrow=0 return_oop=0}
                      ; - java.lang.Class::privateGetDeclaredConstructors@52 (line 3549)
  0x000001c467d38dd8: ea01 0000 

  0x000001c467d38ddc: ;   {other}
  0x000001c467d38ddc: 0f1f 8400 | 4c03 0002 | 488b 7424 | 2848 83fe | 000f 8488 | 0000 0044 | 8b44 2418 | 4183 f800 
  0x000001c467d38dfc: 0f84 4600 | 0000 410f | be7f 4083 | ff00 0f85 | a800 0000 | 4c8b d049 | c1ea 0344 | 8956 24f0 
  0x000001c467d38e1c: 8344 24c0 | 0048 8bfe | 4833 f848 | c1ef 1548 | 83ff 000f | 85a7 0000 | 0048 83c4 

  0x000001c467d38e38: ;   {poll_return}
  0x000001c467d38e38: 405d 493b | a750 0400 | 000f 87ad | 0000 00c3 | 410f be7f | 4083 ff00 | 0f85 b400 | 0000 4c8b 
  0x000001c467d38e58: d049 c1ea | 0344 8956 | 20f0 8344 | 24c0 0048 | 8bfe 4833 | f848 c1ef | 1548 83ff | 000f 85b3 
  0x000001c467d38e78: 0000 0048 | 83c4 405d 

  0x000001c467d38e80: ;   {poll_return}
  0x000001c467d38e80: 493b a750 | 0400 000f | 87b9 0000 | 00c3 488b | c248 83c4 

  0x000001c467d38e94: ;   {poll_return}
  0x000001c467d38e94: 405d 493b | a750 0400 | 000f 87b9 | 0000 00c3 

  0x000001c467d38ea4: ;   {runtime_call throw_null_pointer_exception Runtime1 stub}
  0x000001c467d38ea4: e8d7 a3ed 

  0x000001c467d38ea8: ; ImmutableOopMap {rax=Oop [32]=Oop }
                      ;*getfield publicConstructors {reexecute=1 rethrow=0 return_oop=0}
                      ; - (reexecute) java.lang.Class::privateGetDeclaredConstructors@14 (line 3540)
                      ;   {runtime_call throw_null_pointer_exception Runtime1 stub}
  0x000001c467d38ea8: ffe8 d2a3 

  0x000001c467d38eac: ; ImmutableOopMap {rax=Oop [32]=Oop }
                      ;*getfield declaredConstructors {reexecute=1 rethrow=0 return_oop=0}
                      ; - (reexecute) java.lang.Class::privateGetDeclaredConstructors@21 (line 3540)
                      ;   {runtime_call new_object_array Runtime1 stub}
  0x000001c467d38eac: edff e8cd 

  0x000001c467d38eb0: ; ImmutableOopMap {[40]=Oop }
                      ;*anewarray {reexecute=0 rethrow=0 return_oop=0}
                      ; - java.lang.Class::privateGetDeclaredConstructors@39 (line 3546)
  0x000001c467d38eb0: b5ed ffe9 | 0eff ffff 

  0x000001c467d38eb8: ; implicit exception: dispatches to 0x000001c467d38f72
  0x000001c467d38eb8: 8b7e 2448 | c1e7 0348 | 83ff 000f | 8447 ffff | ff48 893c 

  0x000001c467d38ecc: ;   {runtime_call g1_pre_barrier_slow}
  0x000001c467d38ecc: 24e8 2eff | edff e939 

  0x000001c467d38ed4: ;   {runtime_call throw_null_pointer_exception Runtime1 stub}
  0x000001c467d38ed4: ffff ffe8 

  0x000001c467d38ed8: ; ImmutableOopMap {rax=Oop rsi=Oop }
                      ;*putfield publicConstructors {reexecute=1 rethrow=0 return_oop=0}
                      ; - (reexecute) java.lang.Class::privateGetDeclaredConstructors@66 (line 3553)
  0x000001c467d38ed8: a4a3 edff | 4883 f800 | 0f84 4fff | ffff 4889 

  0x000001c467d38ee8: ;   {runtime_call g1_post_barrier_slow}
  0x000001c467d38ee8: 3424 e811 | 02ee ffe9 | 41ff ffff 

  0x000001c467d38ef4: ;   {internal_word}
  0x000001c467d38ef4: 49ba 3a8e | d367 c401 | 0000 4d89 | 9768 0400 

  0x000001c467d38f04: ;   {runtime_call SafepointBlob}
  0x000001c467d38f04: 00e9 f6c7 | e2ff 8b7e | 2048 c1e7 | 0348 83ff | 000f 843b | ffff ff48 

  0x000001c467d38f1c: ;   {runtime_call g1_pre_barrier_slow}
  0x000001c467d38f1c: 893c 24e8 | dcfe edff | e92d ffff 

  0x000001c467d38f28: ;   {runtime_call throw_null_pointer_exception Runtime1 stub}
  0x000001c467d38f28: ffe8 52a3 

  0x000001c467d38f2c: ; ImmutableOopMap {rax=Oop rsi=Oop }
                      ;*putfield declaredConstructors {reexecute=1 rethrow=0 return_oop=0}
                      ; - (reexecute) java.lang.Class::privateGetDeclaredConstructors@74 (line 3555)
  0x000001c467d38f2c: edff 4883 | f800 0f84 | 43ff ffff | 4889 3424 

  0x000001c467d38f3c: ;   {runtime_call g1_post_barrier_slow}
  0x000001c467d38f3c: e8bf 01ee | ffe9 35ff 

  0x000001c467d38f44: ;   {internal_word}
  0x000001c467d38f44: ffff 49ba | 808e d367 | c401 0000 | 4d89 9768 

  0x000001c467d38f54: ;   {runtime_call SafepointBlob}
  0x000001c467d38f54: 0400 00e9 | a4c7 e2ff 

  0x000001c467d38f5c: ;   {internal_word}
  0x000001c467d38f5c: 49ba 968e | d367 c401 | 0000 4d89 | 9768 0400 

  0x000001c467d38f6c: ;   {runtime_call SafepointBlob}
  0x000001c467d38f6c: 00e9 8ec7 

  0x000001c467d38f70: ;   {runtime_call throw_null_pointer_exception Runtime1 stub}
  0x000001c467d38f70: e2ff e809 

  0x000001c467d38f74: ; ImmutableOopMap {rax=Oop rsi=Oop }
                      ;*putfield publicConstructors {reexecute=1 rethrow=0 return_oop=0}
                      ; - (reexecute) java.lang.Class::privateGetDeclaredConstructors@66 (line 3553)
                      ;   {runtime_call throw_null_pointer_exception Runtime1 stub}
  0x000001c467d38f74: a3ed ffe8 

  0x000001c467d38f78: ; ImmutableOopMap {rax=Oop rsi=Oop }
                      ;*putfield declaredConstructors {reexecute=1 rethrow=0 return_oop=0}
                      ; - (reexecute) java.lang.Class::privateGetDeclaredConstructors@74 (line 3555)
  0x000001c467d38f78: 04a3 edff | 498b 8700 | 0500 0049 | c787 0005 | 0000 0000 | 0000 49c7 | 8708 0500 | 0000 0000 
  0x000001c467d38f98: 0048 83c4 

  0x000001c467d38f9c: ;   {runtime_call unwind_exception Runtime1 stub}
  0x000001c467d38f9c: 405d e95d | 8fed fff4 | f4f4 f4f4 
[Stub Code]
  0x000001c467d38fa8: ;   {no_reloc}
  0x000001c467d38fa8: 48bb 0000 | 0000 0000 

  0x000001c467d38fb0: ;   {runtime_call}
  0x000001c467d38fb0: 0000 e9fb 

  0x000001c467d38fb4: ;   {static_stub}
  0x000001c467d38fb4: ffff ff48 | bb00 0000 | 0000 0000 

  0x000001c467d38fc0: ;   {runtime_call}
  0x000001c467d38fc0: 00e9 fbff 

  0x000001c467d38fc4: ;   {static_stub}
  0x000001c467d38fc4: ffff 48bb | 88df 4600 | c401 0000 

  0x000001c467d38fd0: ;   {runtime_call I2C/C2I adapters}
  0x000001c467d38fd0: e992 ade2 

  0x000001c467d38fd4: ;   {runtime_call handle_exception_from_callee Runtime1 stub}
  0x000001c467d38fd4: ffe8 a6c0 

  0x000001c467d38fd8: ;   {external_word}
  0x000001c467d38fd8: edff 48b9 | e027 b857 | fa7f 0000 | 4883 e4f0 

  0x000001c467d38fe8: ;   {runtime_call}
  0x000001c467d38fe8: 48b8 e00f | 8057 fa7f | 0000 ffd0 

  0x000001c467d38ff4: ;   {section_word}
  0x000001c467d38ff4: f449 baf5 | 8fd3 67c4 | 0100 0041 

  0x000001c467d39000: ;   {runtime_call DeoptimizationBlob}
  0x000001c467d39000: 52e9 9ab9 | e2ff f4f4 
[/MachCode]


Compiled method (c1)    7102  955       1       java.lang.Class::getConstructor0 (83 bytes)
 total in heap  [0x000001c467d30990,0x000001c467d31320] = 2448
 relocation     [0x000001c467d30af0,0x000001c467d30b90] = 160
 main code      [0x000001c467d30ba0,0x000001c467d30f98] = 1016
 stub code      [0x000001c467d30f98,0x000001c467d31028] = 144
 metadata       [0x000001c467d31028,0x000001c467d31088] = 96
 scopes data    [0x000001c467d31088,0x000001c467d311d0] = 328
 scopes pcs     [0x000001c467d311d0,0x000001c467d312e0] = 272
 dependencies   [0x000001c467d312e0,0x000001c467d312f0] = 16
 nul chk table  [0x000001c467d312f0,0x000001c467d31320] = 48

[Constant Pool (empty)]

[MachCode]
[Entry Point]
  # {method} {0x000001c40046f430} 'getConstructor0' '([Ljava/lang/Class;I)Ljava/lang/reflect/Constructor;' in 'java/lang/Class'
  # this:     rdx:rdx   = 'java/lang/Class'
  # parm0:    r8:r8     = '[Ljava/lang/Class;'
  # parm1:    r9        = int
  #           [sp+0x110]  (sp of caller)
  0x000001c467d30ba0: 448b 5208 | 49bb 0000 | 0000 c401 | 0000 4d03 | d34c 3bd0 

  0x000001c467d30bb4: ;   {runtime_call ic_miss_stub}
  0x000001c467d30bb4: 0f85 c6db | e2ff 660f | 1f44 0000 
[Verified Entry Point]
  0x000001c467d30bc0: 8984 2400 | 80ff ff55 | 4881 ec00 | 0100 0090 | 4181 7f20 | 0100 0000 

  0x000001c467d30bd8: ;   {runtime_call StubRoutines (final stubs)}
  0x000001c467d30bd8: 7405 e881 | 41e1 ff4c | 8984 24b0 

  0x000001c467d30be4: ;   {oop(a 'java/lang/Class'{0x000000071420d788} = 'java/lang/Class')}
  0x000001c467d30be4: 0000 0048 | be88 d720 | 1407 0000 | 008b 767c | 48c1 e603 | 4883 fe00 | 0f84 1500 | 0000 4889 
  0x000001c467d30c04: b424 c800 | 0000 4889 | 9424 a800 | 0000 e9d7 | 0000 0044 | 898c 24a0 | 0000 0048 | 8994 24a8 
  0x000001c467d30c24: ;   {metadata('jdk/internal/reflect/ReflectionFactory$GetReflectionFactoryAction')}
  0x000001c467d30c24: 0000 0048 | bab8 b40f | 00c4 0100 | 0049 8b87 | b801 0000 | 488d 7810 | 493b bfc8 | 0100 000f 
  0x000001c467d30c44: 8798 0200 | 0049 89bf | b801 0000 | 48c7 0001 | 0000 0048 | 8bca 49ba | 0000 0000 | c401 0000 
  0x000001c467d30c64: 492b ca89 | 4808 4833 | c989 480c | 4833 c948 | 8984 24b8 | 0000 000f 

  0x000001c467d30c7c: ;   {static_call}
  0x000001c467d30c7c: 1f40 00e8 

  0x000001c467d30c80: ; ImmutableOopMap {[168]=Oop [176]=Oop [184]=Oop }
                      ;*invokestatic getCallerClass {reexecute=0 rethrow=0 return_oop=0}
                      ; - java.security.AccessController::doPrivileged@2 (line 319)
                      ; - java.lang.Class::getReflectionFactory@17 (line 3973)
                      ; - java.lang.Class::getConstructor0@0 (line 3753)
  0x000001c467d30c80: fce3 e2ff 

  0x000001c467d30c84: ;   {other}
  0x000001c467d30c84: 0f1f 8400 | f402 0000 | 4889 8424 | c000 0000 

  0x000001c467d30c94: ;   {static_call}
  0x000001c467d30c94: 6666 90e8 

  0x000001c467d30c98: ; ImmutableOopMap {[168]=Oop [176]=Oop [192]=Oop }
                      ;*invokestatic getReflectionFactory {reexecute=0 rethrow=0 return_oop=0}
                      ; - jdk.internal.reflect.ReflectionFactory$GetReflectionFactoryAction::run@0 (line 88)
                      ; - jdk.internal.reflect.ReflectionFactory$GetReflectionFactoryAction::run@1 (line 85)
                      ; - java.security.AccessController::executePrivileged@29 (line 778)
                      ; - java.security.AccessController::doPrivileged@5 (line 319)
                      ; - java.lang.Class::getReflectionFactory@17 (line 3973)
                      ; - java.lang.Class::getConstructor0@0 (line 3753)
  0x000001c467d30c98: e4e3 e2ff 

  0x000001c467d30c9c: ;   {other}
  0x000001c467d30c9c: 0f1f 8400 | 0c03 0001 

  0x000001c467d30ca4: ;   {oop(a 'java/lang/Class'{0x000000071420d788} = 'java/lang/Class')}
  0x000001c467d30ca4: 49b8 88d7 | 2014 0700 | 0000 410f | be57 4083 | fa00 0f85 | 3202 0000 | 4c8b d049 | c1ea 0345 
  0x000001c467d30cc4: 8950 7c49 | 8bd0 4833 | d048 c1ea | 1548 83fa | 000f 8533 | 0200 0048 | 8bf0 4889 | b424 c800 
  0x000001c467d30ce4: 0000 448b | 8c24 a000 | 0000 4183 | f900 41b8 | 0000 0000 | 0f85 0600 | 0000 41b8 | 0100 0000 
  0x000001c467d30d04: 488b 9424 | a800 0000 

  0x000001c467d30d0c: ;   {optimized virtual_call}
  0x000001c467d30d0c: 6666 90e8 

  0x000001c467d30d10: ; ImmutableOopMap {[168]=Oop [176]=Oop [200]=Oop }
                      ;*invokevirtual privateGetDeclaredConstructors {reexecute=0 rethrow=0 return_oop=0}
                      ; - java.lang.Class::getConstructor0@14 (line 3754)
  0x000001c467d30d10: 8c7f 0000 

  0x000001c467d30d14: ;   {other}
  0x000001c467d30d14: 0f1f 8400 | 8403 0002 | 4889 8424 | d800 0000 

  0x000001c467d30d24: ; implicit exception: dispatches to 0x000001c467d30f26
  0x000001c467d30d24: 8b70 0c89 | b424 d000 | 0000 bf00 | 0000 00e9 | af00 0000 | 4863 d78b | 4c90 1048 | c1e1 038b 
  0x000001c467d30d44: 530c 48c1 | e203 4883 | fa00 0f84 | 2a00 0000 

  0x000001c467d30d54: ;   {metadata('java/lang/reflect/ReflectAccess')}
  0x000001c467d30d54: 49be b882 | 1400 c401 | 0000 448b | 6a08 49ba | 0000 0000 | c401 0000 | 4d03 ea4d | 3b75 380f 
  0x000001c467d30d74: 85b7 0100 | 00e9 0000 | 0000 4c8b | ca48 3b02 

  0x000001c467d30d84: ; implicit exception: dispatches to 0x000001c467d30f3a
  0x000001c467d30d84: 448b 4928 | 49c1 e103 | 498b d04d | 8bc1 4889 | 8c24 e000 | 0000 4889 | 9c24 c800 | 0000 89bc 
  0x000001c467d30da4: 24a4 0000 | 0066 0f1f 

  0x000001c467d30dac: ;   {static_call}
  0x000001c467d30dac: 4400 00e8 

  0x000001c467d30db0: ; ImmutableOopMap {[168]=Oop [176]=Oop [200]=Oop [216]=Oop [224]=Oop }
                      ;*invokestatic arrayContentsEq {reexecute=0 rethrow=0 return_oop=0}
                      ; - java.lang.Class::getConstructor0@52 (line 3756)
  0x000001c467d30db0: 8c5e 0000 

  0x000001c467d30db4: ;   {other}
  0x000001c467d30db4: 0f1f 8400 | 2404 0003 | 83f8 000f | 853f 0000 | 008b bc24 | a400 0000 | ffc7 4d8b | 9758 0400 
  0x000001c467d30dd4: ; ImmutableOopMap {[168]=Oop [176]=Oop [200]=Oop [216]=Oop }
                      ;*goto {reexecute=1 rethrow=0 return_oop=0}
                      ; - (reexecute) java.lang.Class::getConstructor0@64 (line 3755)
                      ;   {poll}
  0x000001c467d30dd4: 0041 8502 | 8bb4 24d0 | 0000 0048 | 8b84 24d8 | 0000 0048 | 8b9c 24c8 | 0000 004c | 8b84 24b0 
  0x000001c467d30df4: 0000 003b | fe0f 8d26 | 0000 00e9 | 34ff ffff | 488b 8c24 | e000 0000 | 488b c148 | 81c4 0001 
  0x000001c467d30e14: ;   {poll_return}
  0x000001c467d30e14: 0000 5d49 | 3ba7 5004 | 0000 0f87 | 1b01 0000 | c34d 8bc8 | 488b 9c24 | a800 0000 

  0x000001c467d30e30: ;   {metadata('java/lang/NoSuchMethodException')}
  0x000001c467d30e30: 48ba 08d4 | 0600 c401 | 0000 80ba | 2001 0000 | 050f 8513 | 0100 0049 | 8b87 b801 | 0000 488d 
  0x000001c467d30e50: 7828 493b | bfc8 0100 | 000f 87fb | 0000 0049 | 89bf b801 | 0000 48c7 | 0001 0000 | 0048 8bca 
  0x000001c467d30e70: 49ba 0000 | 0000 c401 | 0000 492b | ca89 4808 | 4833 c989 | 480c 4833 | c948 8948 | 1048 8948 
  0x000001c467d30e90: 1848 8948 

  0x000001c467d30e94: ;   {oop("<init>"{0x000000071420ef70})}
  0x000001c467d30e94: 2049 b870 | ef20 1407 | 0000 0048 | 8bd3 4889 | 8424 e800 | 0000 0f1f 

  0x000001c467d30eac: ;   {optimized virtual_call}
  0x000001c467d30eac: 4400 00e8 

  0x000001c467d30eb0: ; ImmutableOopMap {[232]=Oop }
                      ;*invokevirtual methodToString {reexecute=0 rethrow=0 return_oop=0}
                      ; - java.lang.Class::getConstructor0@76 (line 3761)
  0x000001c467d30eb0: ccdb e2ff 

  0x000001c467d30eb4: ;   {other}
  0x000001c467d30eb4: 0f1f 8400 | 2405 0005 | 4c8b c048 | 8b94 24e8 

  0x000001c467d30ec4: ;   {optimized virtual_call}
  0x000001c467d30ec4: 0000 00e8 

  0x000001c467d30ec8: ; ImmutableOopMap {[232]=Oop }
                      ;*invokespecial <init> {reexecute=0 rethrow=0 return_oop=0}
                      ; - java.lang.Class::getConstructor0@79 (line 3761)
  0x000001c467d30ec8: b4db e2ff 

  0x000001c467d30ecc: ;   {other}
  0x000001c467d30ecc: 0f1f 8400 | 3c05 0006 | 488b 8424 | e800 0000 | e9a3 0000 | 0048 8bd2 

  0x000001c467d30ee4: ;   {runtime_call fast_new_instance Runtime1 stub}
  0x000001c467d30ee4: e897 2cee 

  0x000001c467d30ee8: ; ImmutableOopMap {[168]=Oop [176]=Oop }
                      ;*new {reexecute=0 rethrow=0 return_oop=0}
                      ; - java.lang.Class::getReflectionFactory@10 (line 3971)
                      ; - java.lang.Class::getConstructor0@0 (line 3753)
  0x000001c467d30ee8: ffe9 85fd | ffff 418b | 507c 48c1 | e203 4883 | fa00 0f84 | bcfd ffff | 4889 1424 

  0x000001c467d30f04: ;   {runtime_call g1_pre_barrier_slow}
  0x000001c467d30f04: e8f7 7eee | ffe9 aefd | ffff 4883 | f800 0f84 | c3fd ffff | 4c89 0424 

  0x000001c467d30f1c: ;   {runtime_call g1_post_barrier_slow}
  0x000001c467d30f1c: e8df 81ee | ffe9 b5fd 

  0x000001c467d30f24: ;   {runtime_call throw_null_pointer_exception Runtime1 stub}
  0x000001c467d30f24: ffff e855 

  0x000001c467d30f28: ; ImmutableOopMap {rax=Oop [168]=Oop [176]=Oop [200]=Oop [216]=Oop }
                      ;*arraylength {reexecute=0 rethrow=0 return_oop=0}
                      ; - java.lang.Class::getConstructor0@25 (line 3755)
                      ;   {runtime_call throw_null_pointer_exception Runtime1 stub}
  0x000001c467d30f28: 23ee ffe8 

  0x000001c467d30f2c: ; ImmutableOopMap {rax=Oop r8=Oop rbx=Oop rcx=Oop [168]=Oop [176]=Oop [216]=Oop }
                      ;*invokevirtual getExecutableSharedParameterTypes {reexecute=0 rethrow=0 return_oop=0}
                      ; - java.lang.Class::getConstructor0@49 (line 3757)
  0x000001c467d30f2c: 5023 eeff 

  0x000001c467d30f30: ;   {runtime_call throw_incompatible_class_change_error Runtime1 stub}
  0x000001c467d30f30: e84b 4aee 

  0x000001c467d30f34: ; ImmutableOopMap {rax=Oop r8=Oop rbx=Oop rcx=Oop rdx=Oop [168]=Oop [176]=Oop [216]=Oop }
                      ;*invokeinterface getExecutableSharedParameterTypes {reexecute=0 rethrow=0 return_oop=0}
                      ; - jdk.internal.reflect.ReflectionFactory::getExecutableSharedParameterTypes@5 (line 298)
                      ; - java.lang.Class::getConstructor0@49 (line 3757)
                      ;   {runtime_call throw_null_pointer_exception Runtime1 stub}
  0x000001c467d30f34: ffe8 4623 

  0x000001c467d30f38: ; ImmutableOopMap {rax=Oop r8=Oop rbx=Oop rcx=Oop [168]=Oop [176]=Oop [216]=Oop }
                      ;*invokeinterface getExecutableSharedParameterTypes {reexecute=0 rethrow=0 return_oop=0}
                      ; - jdk.internal.reflect.ReflectionFactory::getExecutableSharedParameterTypes@5 (line 298)
                      ; - java.lang.Class::getConstructor0@49 (line 3757)
                      ;   {runtime_call throw_null_pointer_exception Runtime1 stub}
  0x000001c467d30f38: eeff e841 

  0x000001c467d30f3c: ; ImmutableOopMap {rax=Oop r8=Oop rbx=Oop rcx=Oop [168]=Oop [176]=Oop [216]=Oop }
                      ;*invokevirtual getSharedParameterTypes {reexecute=0 rethrow=0 return_oop=0}
                      ; - java.lang.reflect.ReflectAccess::getExecutableSharedParameterTypes@1 (line 94)
                      ; - jdk.internal.reflect.ReflectionFactory::getExecutableSharedParameterTypes@5 (line 298)
                      ; - java.lang.Class::getConstructor0@49 (line 3757)
                      ;   {internal_word}
  0x000001c467d30f3c: 23ee ff49 | ba17 0ed3 | 67c4 0100 | 004d 8997 | 6804 0000 

  0x000001c467d30f50: ;   {runtime_call SafepointBlob}
  0x000001c467d30f50: e9ab 47e3 

  0x000001c467d30f54: ;   {runtime_call throw_null_pointer_exception Runtime1 stub}
  0x000001c467d30f54: ffe8 2623 

  0x000001c467d30f58: ; ImmutableOopMap {rbx=Oop r9=Oop [176]=Oop }
                      ;*new {reexecute=0 rethrow=0 return_oop=0}
                      ; - java.lang.Class::getConstructor0@67 (line 3761)
  0x000001c467d30f58: eeff 488b 

  0x000001c467d30f5c: ;   {runtime_call fast_new_instance_init_check Runtime1 stub}
  0x000001c467d30f5c: d2e8 1e2f 

  0x000001c467d30f60: ; ImmutableOopMap {rbx=Oop r9=Oop [176]=Oop }
                      ;*new {reexecute=0 rethrow=0 return_oop=0}
                      ; - java.lang.Class::getConstructor0@67 (line 3761)
  0x000001c467d30f60: eeff e92e | ffff ff49 | 8b87 0005 | 0000 49c7 | 8700 0500 | 0000 0000 | 0049 c787 | 0805 0000 
  0x000001c467d30f80: 0000 0000 | 4881 c400 | 0100 005d 

  0x000001c467d30f8c: ;   {runtime_call unwind_exception Runtime1 stub}
  0x000001c467d30f8c: e96f 0fee | fff4 f4f4 | f4f4 f4f4 
[Stub Code]
  0x000001c467d30f98: ;   {no_reloc}
  0x000001c467d30f98: 0f1f 4400 

  0x000001c467d30f9c: ;   {static_stub}
  0x000001c467d30f9c: 0048 bb00 | 0000 0000 

  0x000001c467d30fa4: ;   {runtime_call}
  0x000001c467d30fa4: 0000 00e9 | fbff ffff 

  0x000001c467d30fac: ;   {static_stub}
  0x000001c467d30fac: 48bb 0000 | 0000 0000 

  0x000001c467d30fb4: ;   {runtime_call}
  0x000001c467d30fb4: 0000 e9fb 

  0x000001c467d30fb8: ;   {static_stub}
  0x000001c467d30fb8: ffff ff48 | bb00 0000 | 0000 0000 

  0x000001c467d30fc4: ;   {runtime_call}
  0x000001c467d30fc4: 00e9 fbff 

  0x000001c467d30fc8: ;   {static_stub}
  0x000001c467d30fc8: ffff 48bb | 0000 0000 | 0000 0000 

  0x000001c467d30fd4: ;   {runtime_call}
  0x000001c467d30fd4: e9fb ffff 

  0x000001c467d30fd8: ;   {static_stub}
  0x000001c467d30fd8: ff48 bb00 | 0000 0000 

  0x000001c467d30fe0: ;   {runtime_call}
  0x000001c467d30fe0: 0000 00e9 | fbff ffff 

  0x000001c467d30fe8: ;   {static_stub}
  0x000001c467d30fe8: 48bb 0000 | 0000 0000 

  0x000001c467d30ff0: ;   {runtime_call}
  0x000001c467d30ff0: 0000 e9fb 

  0x000001c467d30ff4: ;   {runtime_call handle_exception_from_callee Runtime1 stub}
  0x000001c467d30ff4: ffff ffe8 | 8440 eeff 

  0x000001c467d30ffc: ;   {external_word}
  0x000001c467d30ffc: 48b9 e027 | b857 fa7f | 0000 4883 

  0x000001c467d31008: ;   {runtime_call}
  0x000001c467d31008: e4f0 48b8 | e00f 8057 | fa7f 0000 

  0x000001c467d31014: ;   {section_word}
  0x000001c467d31014: ffd0 f449 | ba17 10d3 | 67c4 0100 

  0x000001c467d31020: ;   {runtime_call DeoptimizationBlob}
  0x000001c467d31020: 0041 52e9 | 7839 e3ff 
[/MachCode]


---------------  P R O C E S S  ---------------

Threads class SMR info:
_java_thread_list=0x000001c473d5e9a0, length=15, elements={
0x000001c45dbcb140, 0x000001c4731c00c0, 0x000001c4731c0d20, 0x000001c4731c8080,
0x000001c4731caf00, 0x000001c4731cbcc0, 0x000001c4731ce730, 0x000001c4731d71a0,
0x000001c4706ed460, 0x000001c47333d650, 0x000001c473be3390, 0x000001c473be3a00,
0x000001c473cfe090, 0x000001c473d01e90, 0x000001c473d8c620
}

Java Threads: ( => current thread )
=>0x000001c45dbcb140 JavaThread "main"                              [_thread_in_vm, id=26480, stack(0x000000685a300000,0x000000685a400000) (1024K)]
  0x000001c4731c00c0 JavaThread "Reference Handler"          daemon [_thread_blocked, id=10208, stack(0x000000685ab00000,0x000000685ac00000) (1024K)]
  0x000001c4731c0d20 JavaThread "Finalizer"                  daemon [_thread_blocked, id=1636, stack(0x000000685ac00000,0x000000685ad00000) (1024K)]
  0x000001c4731c8080 JavaThread "Signal Dispatcher"          daemon [_thread_blocked, id=10024, stack(0x000000685ad00000,0x000000685ae00000) (1024K)]
  0x000001c4731caf00 JavaThread "Attach Listener"            daemon [_thread_blocked, id=25952, stack(0x000000685ae00000,0x000000685af00000) (1024K)]
  0x000001c4731cbcc0 JavaThread "Service Thread"             daemon [_thread_blocked, id=25312, stack(0x000000685af00000,0x000000685b000000) (1024K)]
  0x000001c4731ce730 JavaThread "Monitor Deflation Thread"   daemon [_thread_blocked, id=26568, stack(0x000000685b000000,0x000000685b100000) (1024K)]
  0x000001c4731d71a0 JavaThread "C1 CompilerThread0"         daemon [_thread_blocked, id=4444, stack(0x000000685b100000,0x000000685b200000) (1024K)]
  0x000001c4706ed460 JavaThread "Common-Cleaner"             daemon [_thread_blocked, id=11744, stack(0x000000685b200000,0x000000685b300000) (1024K)]
  0x000001c47333d650 JavaThread "C1 CompilerThread1"         daemon [_thread_blocked, id=26240, stack(0x000000685b300000,0x000000685b400000) (1024K)]
  0x000001c473be3390 JavaThread "Monitor Ctrl-Break"         daemon [_thread_in_native, id=22252, stack(0x000000685b400000,0x000000685b500000) (1024K)]
  0x000001c473be3a00 JavaThread "Notification Thread"        daemon [_thread_blocked, id=25796, stack(0x000000685b500000,0x000000685b600000) (1024K)]
  0x000001c473cfe090 JavaThread "C1 CompilerThread2"         daemon [_thread_blocked, id=26300, stack(0x000000685b600000,0x000000685b700000) (1024K)]
  0x000001c473d01e90 JavaThread "C1 CompilerThread3"         daemon [_thread_blocked, id=16904, stack(0x000000685b700000,0x000000685b800000) (1024K)]
  0x000001c473d8c620 JavaThread "RMI TCP Accept-0"           daemon [_thread_in_native, id=24880, stack(0x000000685be00000,0x000000685bf00000) (1024K)]
Total: 15

Other Threads:
  0x000001c4706fea80 VMThread "VM Thread"                           [id=26228, stack(0x000000685aa00000,0x000000685ab00000) (1024K)]
  0x000001c4706ecad0 WatcherThread "VM Periodic Task Thread"        [id=3088, stack(0x000000685a900000,0x000000685aa00000) (1024K)]
  0x000001c45df6cf30 WorkerThread "GC Thread#0"                     [id=27672, stack(0x000000685a400000,0x000000685a500000) (1024K)]
  0x000001c473d12120 WorkerThread "GC Thread#1"                     [id=8, stack(0x000000685b800000,0x000000685b900000) (1024K)]
  0x000001c473d124c0 WorkerThread "GC Thread#2"                     [id=2824, stack(0x000000685b900000,0x000000685ba00000) (1024K)]
  0x000001c473d12860 WorkerThread "GC Thread#3"                     [id=27452, stack(0x000000685ba00000,0x000000685bb00000) (1024K)]
  0x000001c473d15020 WorkerThread "GC Thread#4"                     [id=23524, stack(0x000000685bb00000,0x000000685bc00000) (1024K)]
  0x000001c473d177e0 WorkerThread "GC Thread#5"                     [id=23676, stack(0x000000685bc00000,0x000000685bd00000) (1024K)]
  0x000001c473d45e40 WorkerThread "GC Thread#6"                     [id=1952, stack(0x000000685bd00000,0x000000685be00000) (1024K)]
  0x000001c45df7b430 ConcurrentGCThread "G1 Main Marker"            [id=28316, stack(0x000000685a500000,0x000000685a600000) (1024K)]
  0x000001c470542010 WorkerThread "G1 Conc#0"                       [id=9392, stack(0x000000685a600000,0x000000685a700000) (1024K)]
  0x000001c4705bec40 ConcurrentGCThread "G1 Refine#0"               [id=26028, stack(0x000000685a700000,0x000000685a800000) (1024K)]
  0x000001c4705c0970 ConcurrentGCThread "G1 Service"                [id=27104, stack(0x000000685a800000,0x000000685a900000) (1024K)]
Total: 13

Threads with active compile tasks:
Total: 0

VM state: not at safepoint (normal execution)

VM Mutex/Monitor currently owned by a thread:  ([mutex/lock_event])
[0x00007ffa57e18578] Metaspace_lock - owner thread: 0x000001c45dbcb140

Heap address: 0x0000000705e00000, size: 4002 MB, Compressed Oops mode: Zero based, Oop shift amount: 3

CDS archive(s) mapped at: [0x000001c400000000-0x000001c400c90000-0x000001c400c90000), size 13172736, SharedBaseAddress: 0x000001c400000000, ArchiveRelocationMode: 1.
Compressed class space mapped at: 0x000001c401000000-0x000001c441000000, reserved size: 1073741824
Narrow klass base: 0x000001c400000000, Narrow klass shift: 0, Narrow klass range: 0x100000000

GC Precious Log:
 CardTable entry size: 512
 Card Set container configuration: InlinePtr #cards 4 size 8 Array Of Cards #cards 16 size 48 Howl #buckets 8 coarsen threshold 3686 Howl Bitmap #cards 512 size 80 coarsen threshold 460 Card regions per heap region 1 cards per card region 4096
 CPUs: 12 total, 12 available
 Memory: 16004M
 Large Page Support: Disabled
 NUMA Support: Disabled
 Compressed Oops: Enabled (Zero based)
 Heap Region Size: 2M
 Heap Min Capacity: 8M
 Heap Initial Capacity: 252M
 Heap Max Capacity: 4002M
 Pre-touch: Disabled
 Parallel Workers: 10
 Concurrent Workers: 3
 Concurrent Refinement Workers: 10
 Periodic GC: Disabled

Heap:
 garbage-first heap   total 258048K, used 17979K [0x0000000705e00000, 0x0000000800000000)
  region size 2048K, 6 young (12288K), 2 survivors (4096K)
 Metaspace       used 6038K, committed 6208K, reserved 1114112K
  class space    used 697K, committed 768K, reserved 1048576K

Heap Regions: E=young(eden), S=young(survivor), O=old, HS=humongous(starts), HC=humongous(continues), CS=collection set, F=free, TAMS=top-at-mark-start, PB=parsable bottom
|   0|0x0000000705e00000, 0x0000000706000000, 0x0000000706000000|100%| O|  |TAMS 0x0000000705e00000| PB 0x0000000705e00000| Untracked 
|   1|0x0000000706000000, 0x0000000706200000, 0x0000000706200000|100%| O|  |TAMS 0x0000000706000000| PB 0x0000000706000000| Untracked 
|   2|0x0000000706200000, 0x0000000706400000, 0x0000000706400000|100%| O|  |TAMS 0x0000000706200000| PB 0x0000000706200000| Untracked 
|   3|0x0000000706400000, 0x000000070658eff8, 0x0000000706600000| 77%| O|  |TAMS 0x0000000706400000| PB 0x0000000706400000| Untracked 
|   4|0x0000000706600000, 0x0000000706600000, 0x0000000706800000|  0%| F|  |TAMS 0x0000000706600000| PB 0x0000000706600000| Untracked 
|   5|0x0000000706800000, 0x0000000706800000, 0x0000000706a00000|  0%| F|  |TAMS 0x0000000706800000| PB 0x0000000706800000| Untracked 
|   6|0x0000000706a00000, 0x0000000706a00000, 0x0000000706c00000|  0%| F|  |TAMS 0x0000000706a00000| PB 0x0000000706a00000| Untracked 
|   7|0x0000000706c00000, 0x0000000706c00000, 0x0000000706e00000|  0%| F|  |TAMS 0x0000000706c00000| PB 0x0000000706c00000| Untracked 
|   8|0x0000000706e00000, 0x0000000706e00000, 0x0000000707000000|  0%| F|  |TAMS 0x0000000706e00000| PB 0x0000000706e00000| Untracked 
|   9|0x0000000707000000, 0x0000000707000000, 0x0000000707200000|  0%| F|  |TAMS 0x0000000707000000| PB 0x0000000707000000| Untracked 
|  10|0x0000000707200000, 0x0000000707200000, 0x0000000707400000|  0%| F|  |TAMS 0x0000000707200000| PB 0x0000000707200000| Untracked 
|  11|0x0000000707400000, 0x0000000707400000, 0x0000000707600000|  0%| F|  |TAMS 0x0000000707400000| PB 0x0000000707400000| Untracked 
|  12|0x0000000707600000, 0x0000000707600000, 0x0000000707800000|  0%| F|  |TAMS 0x0000000707600000| PB 0x0000000707600000| Untracked 
|  13|0x0000000707800000, 0x0000000707800000, 0x0000000707a00000|  0%| F|  |TAMS 0x0000000707800000| PB 0x0000000707800000| Untracked 
|  14|0x0000000707a00000, 0x0000000707a00000, 0x0000000707c00000|  0%| F|  |TAMS 0x0000000707a00000| PB 0x0000000707a00000| Untracked 
|  15|0x0000000707c00000, 0x0000000707c00000, 0x0000000707e00000|  0%| F|  |TAMS 0x0000000707c00000| PB 0x0000000707c00000| Untracked 
|  16|0x0000000707e00000, 0x0000000707e00000, 0x0000000708000000|  0%| F|  |TAMS 0x0000000707e00000| PB 0x0000000707e00000| Untracked 
|  17|0x0000000708000000, 0x0000000708000000, 0x0000000708200000|  0%| F|  |TAMS 0x0000000708000000| PB 0x0000000708000000| Untracked 
|  18|0x0000000708200000, 0x0000000708200000, 0x0000000708400000|  0%| F|  |TAMS 0x0000000708200000| PB 0x0000000708200000| Untracked 
|  19|0x0000000708400000, 0x0000000708400000, 0x0000000708600000|  0%| F|  |TAMS 0x0000000708400000| PB 0x0000000708400000| Untracked 
|  20|0x0000000708600000, 0x0000000708600000, 0x0000000708800000|  0%| F|  |TAMS 0x0000000708600000| PB 0x0000000708600000| Untracked 
|  21|0x0000000708800000, 0x0000000708800000, 0x0000000708a00000|  0%| F|  |TAMS 0x0000000708800000| PB 0x0000000708800000| Untracked 
|  22|0x0000000708a00000, 0x0000000708a00000, 0x0000000708c00000|  0%| F|  |TAMS 0x0000000708a00000| PB 0x0000000708a00000| Untracked 
|  23|0x0000000708c00000, 0x0000000708c00000, 0x0000000708e00000|  0%| F|  |TAMS 0x0000000708c00000| PB 0x0000000708c00000| Untracked 
|  24|0x0000000708e00000, 0x0000000708e00000, 0x0000000709000000|  0%| F|  |TAMS 0x0000000708e00000| PB 0x0000000708e00000| Untracked 
|  25|0x0000000709000000, 0x0000000709000000, 0x0000000709200000|  0%| F|  |TAMS 0x0000000709000000| PB 0x0000000709000000| Untracked 
|  26|0x0000000709200000, 0x0000000709200000, 0x0000000709400000|  0%| F|  |TAMS 0x0000000709200000| PB 0x0000000709200000| Untracked 
|  27|0x0000000709400000, 0x0000000709400000, 0x0000000709600000|  0%| F|  |TAMS 0x0000000709400000| PB 0x0000000709400000| Untracked 
|  28|0x0000000709600000, 0x0000000709600000, 0x0000000709800000|  0%| F|  |TAMS 0x0000000709600000| PB 0x0000000709600000| Untracked 
|  29|0x0000000709800000, 0x0000000709800000, 0x0000000709a00000|  0%| F|  |TAMS 0x0000000709800000| PB 0x0000000709800000| Untracked 
|  30|0x0000000709a00000, 0x0000000709a00000, 0x0000000709c00000|  0%| F|  |TAMS 0x0000000709a00000| PB 0x0000000709a00000| Untracked 
|  31|0x0000000709c00000, 0x0000000709c00000, 0x0000000709e00000|  0%| F|  |TAMS 0x0000000709c00000| PB 0x0000000709c00000| Untracked 
|  32|0x0000000709e00000, 0x0000000709e00000, 0x000000070a000000|  0%| F|  |TAMS 0x0000000709e00000| PB 0x0000000709e00000| Untracked 
|  33|0x000000070a000000, 0x000000070a000000, 0x000000070a200000|  0%| F|  |TAMS 0x000000070a000000| PB 0x000000070a000000| Untracked 
|  34|0x000000070a200000, 0x000000070a200000, 0x000000070a400000|  0%| F|  |TAMS 0x000000070a200000| PB 0x000000070a200000| Untracked 
|  35|0x000000070a400000, 0x000000070a400000, 0x000000070a600000|  0%| F|  |TAMS 0x000000070a400000| PB 0x000000070a400000| Untracked 
|  36|0x000000070a600000, 0x000000070a600000, 0x000000070a800000|  0%| F|  |TAMS 0x000000070a600000| PB 0x000000070a600000| Untracked 
|  37|0x000000070a800000, 0x000000070a800000, 0x000000070aa00000|  0%| F|  |TAMS 0x000000070a800000| PB 0x000000070a800000| Untracked 
|  38|0x000000070aa00000, 0x000000070aa00000, 0x000000070ac00000|  0%| F|  |TAMS 0x000000070aa00000| PB 0x000000070aa00000| Untracked 
|  39|0x000000070ac00000, 0x000000070ac00000, 0x000000070ae00000|  0%| F|  |TAMS 0x000000070ac00000| PB 0x000000070ac00000| Untracked 
|  40|0x000000070ae00000, 0x000000070ae00000, 0x000000070b000000|  0%| F|  |TAMS 0x000000070ae00000| PB 0x000000070ae00000| Untracked 
|  41|0x000000070b000000, 0x000000070b000000, 0x000000070b200000|  0%| F|  |TAMS 0x000000070b000000| PB 0x000000070b000000| Untracked 
|  42|0x000000070b200000, 0x000000070b200000, 0x000000070b400000|  0%| F|  |TAMS 0x000000070b200000| PB 0x000000070b200000| Untracked 
|  43|0x000000070b400000, 0x000000070b400000, 0x000000070b600000|  0%| F|  |TAMS 0x000000070b400000| PB 0x000000070b400000| Untracked 
|  44|0x000000070b600000, 0x000000070b600000, 0x000000070b800000|  0%| F|  |TAMS 0x000000070b600000| PB 0x000000070b600000| Untracked 
|  45|0x000000070b800000, 0x000000070b800000, 0x000000070ba00000|  0%| F|  |TAMS 0x000000070b800000| PB 0x000000070b800000| Untracked 
|  46|0x000000070ba00000, 0x000000070ba00000, 0x000000070bc00000|  0%| F|  |TAMS 0x000000070ba00000| PB 0x000000070ba00000| Untracked 
|  47|0x000000070bc00000, 0x000000070bc00000, 0x000000070be00000|  0%| F|  |TAMS 0x000000070bc00000| PB 0x000000070bc00000| Untracked 
|  48|0x000000070be00000, 0x000000070be00000, 0x000000070c000000|  0%| F|  |TAMS 0x000000070be00000| PB 0x000000070be00000| Untracked 
|  49|0x000000070c000000, 0x000000070c000000, 0x000000070c200000|  0%| F|  |TAMS 0x000000070c000000| PB 0x000000070c000000| Untracked 
|  50|0x000000070c200000, 0x000000070c200000, 0x000000070c400000|  0%| F|  |TAMS 0x000000070c200000| PB 0x000000070c200000| Untracked 
|  51|0x000000070c400000, 0x000000070c400000, 0x000000070c600000|  0%| F|  |TAMS 0x000000070c400000| PB 0x000000070c400000| Untracked 
|  52|0x000000070c600000, 0x000000070c600000, 0x000000070c800000|  0%| F|  |TAMS 0x000000070c600000| PB 0x000000070c600000| Untracked 
|  53|0x000000070c800000, 0x000000070c800000, 0x000000070ca00000|  0%| F|  |TAMS 0x000000070c800000| PB 0x000000070c800000| Untracked 
|  54|0x000000070ca00000, 0x000000070ca00000, 0x000000070cc00000|  0%| F|  |TAMS 0x000000070ca00000| PB 0x000000070ca00000| Untracked 
|  55|0x000000070cc00000, 0x000000070cc00000, 0x000000070ce00000|  0%| F|  |TAMS 0x000000070cc00000| PB 0x000000070cc00000| Untracked 
|  56|0x000000070ce00000, 0x000000070ce00000, 0x000000070d000000|  0%| F|  |TAMS 0x000000070ce00000| PB 0x000000070ce00000| Untracked 
|  57|0x000000070d000000, 0x000000070d000000, 0x000000070d200000|  0%| F|  |TAMS 0x000000070d000000| PB 0x000000070d000000| Untracked 
|  58|0x000000070d200000, 0x000000070d200000, 0x000000070d400000|  0%| F|  |TAMS 0x000000070d200000| PB 0x000000070d200000| Untracked 
|  59|0x000000070d400000, 0x000000070d400000, 0x000000070d600000|  0%| F|  |TAMS 0x000000070d400000| PB 0x000000070d400000| Untracked 
|  60|0x000000070d600000, 0x000000070d600000, 0x000000070d800000|  0%| F|  |TAMS 0x000000070d600000| PB 0x000000070d600000| Untracked 
|  61|0x000000070d800000, 0x000000070d800000, 0x000000070da00000|  0%| F|  |TAMS 0x000000070d800000| PB 0x000000070d800000| Untracked 
|  62|0x000000070da00000, 0x000000070da00000, 0x000000070dc00000|  0%| F|  |TAMS 0x000000070da00000| PB 0x000000070da00000| Untracked 
|  63|0x000000070dc00000, 0x000000070dc00000, 0x000000070de00000|  0%| F|  |TAMS 0x000000070dc00000| PB 0x000000070dc00000| Untracked 
|  64|0x000000070de00000, 0x000000070de00000, 0x000000070e000000|  0%| F|  |TAMS 0x000000070de00000| PB 0x000000070de00000| Untracked 
|  65|0x000000070e000000, 0x000000070e000000, 0x000000070e200000|  0%| F|  |TAMS 0x000000070e000000| PB 0x000000070e000000| Untracked 
|  66|0x000000070e200000, 0x000000070e200000, 0x000000070e400000|  0%| F|  |TAMS 0x000000070e200000| PB 0x000000070e200000| Untracked 
|  67|0x000000070e400000, 0x000000070e400000, 0x000000070e600000|  0%| F|  |TAMS 0x000000070e400000| PB 0x000000070e400000| Untracked 
|  68|0x000000070e600000, 0x000000070e600000, 0x000000070e800000|  0%| F|  |TAMS 0x000000070e600000| PB 0x000000070e600000| Untracked 
|  69|0x000000070e800000, 0x000000070e800000, 0x000000070ea00000|  0%| F|  |TAMS 0x000000070e800000| PB 0x000000070e800000| Untracked 
|  70|0x000000070ea00000, 0x000000070ea00000, 0x000000070ec00000|  0%| F|  |TAMS 0x000000070ea00000| PB 0x000000070ea00000| Untracked 
|  71|0x000000070ec00000, 0x000000070ec00000, 0x000000070ee00000|  0%| F|  |TAMS 0x000000070ec00000| PB 0x000000070ec00000| Untracked 
|  72|0x000000070ee00000, 0x000000070ee00000, 0x000000070f000000|  0%| F|  |TAMS 0x000000070ee00000| PB 0x000000070ee00000| Untracked 
|  73|0x000000070f000000, 0x000000070f000000, 0x000000070f200000|  0%| F|  |TAMS 0x000000070f000000| PB 0x000000070f000000| Untracked 
|  74|0x000000070f200000, 0x000000070f200000, 0x000000070f400000|  0%| F|  |TAMS 0x000000070f200000| PB 0x000000070f200000| Untracked 
|  75|0x000000070f400000, 0x000000070f400000, 0x000000070f600000|  0%| F|  |TAMS 0x000000070f400000| PB 0x000000070f400000| Untracked 
|  76|0x000000070f600000, 0x000000070f600000, 0x000000070f800000|  0%| F|  |TAMS 0x000000070f600000| PB 0x000000070f600000| Untracked 
|  77|0x000000070f800000, 0x000000070f800000, 0x000000070fa00000|  0%| F|  |TAMS 0x000000070f800000| PB 0x000000070f800000| Untracked 
|  78|0x000000070fa00000, 0x000000070fa00000, 0x000000070fc00000|  0%| F|  |TAMS 0x000000070fa00000| PB 0x000000070fa00000| Untracked 
|  79|0x000000070fc00000, 0x000000070fc00000, 0x000000070fe00000|  0%| F|  |TAMS 0x000000070fc00000| PB 0x000000070fc00000| Untracked 
|  80|0x000000070fe00000, 0x000000070fe00000, 0x0000000710000000|  0%| F|  |TAMS 0x000000070fe00000| PB 0x000000070fe00000| Untracked 
|  81|0x0000000710000000, 0x0000000710000000, 0x0000000710200000|  0%| F|  |TAMS 0x0000000710000000| PB 0x0000000710000000| Untracked 
|  82|0x0000000710200000, 0x0000000710200000, 0x0000000710400000|  0%| F|  |TAMS 0x0000000710200000| PB 0x0000000710200000| Untracked 
|  83|0x0000000710400000, 0x0000000710400000, 0x0000000710600000|  0%| F|  |TAMS 0x0000000710400000| PB 0x0000000710400000| Untracked 
|  84|0x0000000710600000, 0x0000000710600000, 0x0000000710800000|  0%| F|  |TAMS 0x0000000710600000| PB 0x0000000710600000| Untracked 
|  85|0x0000000710800000, 0x0000000710800000, 0x0000000710a00000|  0%| F|  |TAMS 0x0000000710800000| PB 0x0000000710800000| Untracked 
|  86|0x0000000710a00000, 0x0000000710a00000, 0x0000000710c00000|  0%| F|  |TAMS 0x0000000710a00000| PB 0x0000000710a00000| Untracked 
|  87|0x0000000710c00000, 0x0000000710c00000, 0x0000000710e00000|  0%| F|  |TAMS 0x0000000710c00000| PB 0x0000000710c00000| Untracked 
|  88|0x0000000710e00000, 0x0000000710e00000, 0x0000000711000000|  0%| F|  |TAMS 0x0000000710e00000| PB 0x0000000710e00000| Untracked 
|  89|0x0000000711000000, 0x0000000711000000, 0x0000000711200000|  0%| F|  |TAMS 0x0000000711000000| PB 0x0000000711000000| Untracked 
|  90|0x0000000711200000, 0x0000000711200000, 0x0000000711400000|  0%| F|  |TAMS 0x0000000711200000| PB 0x0000000711200000| Untracked 
|  91|0x0000000711400000, 0x0000000711400000, 0x0000000711600000|  0%| F|  |TAMS 0x0000000711400000| PB 0x0000000711400000| Untracked 
|  92|0x0000000711600000, 0x0000000711600000, 0x0000000711800000|  0%| F|  |TAMS 0x0000000711600000| PB 0x0000000711600000| Untracked 
|  93|0x0000000711800000, 0x0000000711800000, 0x0000000711a00000|  0%| F|  |TAMS 0x0000000711800000| PB 0x0000000711800000| Untracked 
|  94|0x0000000711a00000, 0x0000000711a00000, 0x0000000711c00000|  0%| F|  |TAMS 0x0000000711a00000| PB 0x0000000711a00000| Untracked 
|  95|0x0000000711c00000, 0x0000000711c00000, 0x0000000711e00000|  0%| F|  |TAMS 0x0000000711c00000| PB 0x0000000711c00000| Untracked 
|  96|0x0000000711e00000, 0x0000000711e00000, 0x0000000712000000|  0%| F|  |TAMS 0x0000000711e00000| PB 0x0000000711e00000| Untracked 
|  97|0x0000000712000000, 0x0000000712000000, 0x0000000712200000|  0%| F|  |TAMS 0x0000000712000000| PB 0x0000000712000000| Untracked 
|  98|0x0000000712200000, 0x0000000712200000, 0x0000000712400000|  0%| F|  |TAMS 0x0000000712200000| PB 0x0000000712200000| Untracked 
|  99|0x0000000712400000, 0x0000000712400000, 0x0000000712600000|  0%| F|  |TAMS 0x0000000712400000| PB 0x0000000712400000| Untracked 
| 100|0x0000000712600000, 0x0000000712600000, 0x0000000712800000|  0%| F|  |TAMS 0x0000000712600000| PB 0x0000000712600000| Untracked 
| 101|0x0000000712800000, 0x0000000712800000, 0x0000000712a00000|  0%| F|  |TAMS 0x0000000712800000| PB 0x0000000712800000| Untracked 
| 102|0x0000000712a00000, 0x0000000712a00000, 0x0000000712c00000|  0%| F|  |TAMS 0x0000000712a00000| PB 0x0000000712a00000| Untracked 
| 103|0x0000000712c00000, 0x0000000712c00000, 0x0000000712e00000|  0%| F|  |TAMS 0x0000000712c00000| PB 0x0000000712c00000| Untracked 
| 104|0x0000000712e00000, 0x0000000712e00000, 0x0000000713000000|  0%| F|  |TAMS 0x0000000712e00000| PB 0x0000000712e00000| Untracked 
| 105|0x0000000713000000, 0x0000000713000000, 0x0000000713200000|  0%| F|  |TAMS 0x0000000713000000| PB 0x0000000713000000| Untracked 
| 106|0x0000000713200000, 0x0000000713200000, 0x0000000713400000|  0%| F|  |TAMS 0x0000000713200000| PB 0x0000000713200000| Untracked 
| 107|0x0000000713400000, 0x0000000713400000, 0x0000000713600000|  0%| F|  |TAMS 0x0000000713400000| PB 0x0000000713400000| Untracked 
| 108|0x0000000713600000, 0x0000000713600000, 0x0000000713800000|  0%| F|  |TAMS 0x0000000713600000| PB 0x0000000713600000| Untracked 
| 109|0x0000000713800000, 0x0000000713800000, 0x0000000713a00000|  0%| F|  |TAMS 0x0000000713800000| PB 0x0000000713800000| Untracked 
| 110|0x0000000713a00000, 0x0000000713a00000, 0x0000000713c00000|  0%| F|  |TAMS 0x0000000713a00000| PB 0x0000000713a00000| Untracked 
| 111|0x0000000713c00000, 0x0000000713c00000, 0x0000000713e00000|  0%| F|  |TAMS 0x0000000713c00000| PB 0x0000000713c00000| Untracked 
| 112|0x0000000713e00000, 0x0000000713e00000, 0x0000000714000000|  0%| F|  |TAMS 0x0000000713e00000| PB 0x0000000713e00000| Untracked 
| 113|0x0000000714000000, 0x0000000714200000, 0x0000000714200000|100%| S|CS|TAMS 0x0000000714000000| PB 0x0000000714000000| Complete 
| 114|0x0000000714200000, 0x0000000714400000, 0x0000000714400000|100%| S|CS|TAMS 0x0000000714200000| PB 0x0000000714200000| Complete 
| 115|0x0000000714400000, 0x0000000714400000, 0x0000000714600000|  0%| F|  |TAMS 0x0000000714400000| PB 0x0000000714400000| Untracked 
| 116|0x0000000714600000, 0x0000000714600000, 0x0000000714800000|  0%| F|  |TAMS 0x0000000714600000| PB 0x0000000714600000| Untracked 
| 117|0x0000000714800000, 0x0000000714800000, 0x0000000714a00000|  0%| F|  |TAMS 0x0000000714800000| PB 0x0000000714800000| Untracked 
| 118|0x0000000714a00000, 0x0000000714a00000, 0x0000000714c00000|  0%| F|  |TAMS 0x0000000714a00000| PB 0x0000000714a00000| Untracked 
| 119|0x0000000714c00000, 0x0000000714c00000, 0x0000000714e00000|  0%| F|  |TAMS 0x0000000714c00000| PB 0x0000000714c00000| Untracked 
| 120|0x0000000714e00000, 0x0000000714e00000, 0x0000000715000000|  0%| F|  |TAMS 0x0000000714e00000| PB 0x0000000714e00000| Untracked 
| 121|0x0000000715000000, 0x0000000715000000, 0x0000000715200000|  0%| F|  |TAMS 0x0000000715000000| PB 0x0000000715000000| Untracked 
| 122|0x0000000715200000, 0x0000000715234a80, 0x0000000715400000| 10%| E|  |TAMS 0x0000000715200000| PB 0x0000000715200000| Complete 
| 123|0x0000000715400000, 0x0000000715600000, 0x0000000715600000|100%| E|CS|TAMS 0x0000000715400000| PB 0x0000000715400000| Complete 
| 124|0x0000000715600000, 0x0000000715800000, 0x0000000715800000|100%| E|CS|TAMS 0x0000000715600000| PB 0x0000000715600000| Complete 
| 125|0x0000000715800000, 0x0000000715a00000, 0x0000000715a00000|100%| E|CS|TAMS 0x0000000715800000| PB 0x0000000715800000| Complete 

Card table byte_map: [0x000001c46be00000,0x000001c46c5e0000] _byte_map_base: 0x000001c4685d1000

Marking Bits: (CMBitMap*) 0x000001c45df6dd50
 Bits: [0x000001c46c5e0000, 0x000001c470468000)

Polling page: 0x000001c45dfc0000

Metaspace:

Usage:
  Non-class:      5.22 MB used.
      Class:    697.99 KB used.
       Both:      5.90 MB used.

Virtual space:
  Non-class space:       64.00 MB reserved,       5.31 MB (  8%) committed,  1 nodes.
      Class space:        1.00 GB reserved,     768.00 KB ( <1%) committed,  1 nodes.
             Both:        1.06 GB reserved,       6.06 MB ( <1%) committed. 

Chunk freelists:
   Non-Class:  10.23 MB
       Class:  15.15 MB
        Both:  25.38 MB

MaxMetaspaceSize: unlimited
CompressedClassSpaceSize: 1.00 GB
Initial GC threshold: 21.00 MB
Current GC threshold: 21.00 MB
CDS: on
 - commit_granule_bytes: 65536.
 - commit_granule_words: 8192.
 - virtual_space_node_default_size: 8388608.
 - enlarge_chunks_in_place: 1.
 - use_allocation_guard: 0.


Internal statistics:

num_allocs_failed_limit: 0.
num_arena_births: 168.
num_arena_deaths: 0.
num_vsnodes_births: 2.
num_vsnodes_deaths: 0.
num_space_committed: 97.
num_space_uncommitted: 0.
num_chunks_returned_to_freelist: 0.
num_chunks_taken_from_freelist: 213.
num_chunk_merges: 0.
num_chunk_splits: 148.
num_chunks_enlarged: 90.
num_inconsistent_stats: 0.

CodeCache: size=49152Kb used=4844Kb max_used=4844Kb free=44307Kb
 bounds [0x000001c467b10000, 0x000001c467fd0000, 0x000001c46ab10000]
 total_blobs=1806 nmethods=1330 adapters=398
 compilation: enabled
              stopped_count=0, restarted_count=0
 full_count=0

Compilation events (20 events):
Event: 7.067 Thread 0x000001c473cfe090 1318       1       java.lang.invoke.LambdaForm$NamedFunction::member (26 bytes)
Event: 7.067 Thread 0x000001c4731d71a0 1322       1       java.lang.invoke.InvokerBytecodeGenerator::emitPushArguments (45 bytes)
Event: 7.067 Thread 0x000001c47333d650 1319       1       java.lang.invoke.InvokerBytecodeGenerator::isStaticallyInvocable (165 bytes)
Event: 7.067 Thread 0x000001c473d01e90 1320       1       java.lang.invoke.MemberName::isPrivate (8 bytes)
Event: 7.067 Thread 0x000001c473cfe090 nmethod 1318 0x000001c467fc5090 code [0x000001c467fc5220, 0x000001c467fc52f0]
Event: 7.067 Thread 0x000001c473d01e90 nmethod 1320 0x000001c467fc5390 code [0x000001c467fc5520, 0x000001c467fc5608]
Event: 7.067 Thread 0x000001c473cfe090 1321       1       java.lang.invoke.InvokerBytecodeGenerator::emitStaticInvoke (258 bytes)
Event: 7.067 Thread 0x000001c473d01e90 1323       1       java.lang.invoke.InvokerBytecodeGenerator::refKindOpcode (112 bytes)
Event: 7.067 Thread 0x000001c473d01e90 nmethod 1323 0x000001c467fc5c90 code [0x000001c467fc5ec0, 0x000001c467fc6360]
Event: 7.067 Thread 0x000001c4731d71a0 nmethod 1322 0x000001c467fc6510 code [0x000001c467fc66e0, 0x000001c467fc6988]
Event: 7.067 Thread 0x000001c4731d71a0 1326       1       java.lang.invoke.LambdaForm::normalizeNames (270 bytes)
Event: 7.067 Thread 0x000001c473d01e90 1328       1       java.lang.invoke.LambdaForm::useCount (61 bytes)
Event: 7.067 Thread 0x000001c473cfe090 nmethod 1321 0x000001c467fc6c10 code [0x000001c467fc6ea0, 0x000001c467fc74a8]
Event: 7.067 Thread 0x000001c47333d650 nmethod 1319 0x000001c467fc7890 code [0x000001c467fc7b40, 0x000001c467fc81e0]
Event: 7.068 Thread 0x000001c473cfe090 1327       1       java.lang.invoke.InvokerBytecodeGenerator::emitReferenceCast (188 bytes)
Event: 7.068 Thread 0x000001c473d01e90 nmethod 1328 0x000001c467fc8410 code [0x000001c467fc85c0, 0x000001c467fc8760]
Event: 7.068 Thread 0x000001c4731d71a0 nmethod 1326 0x000001c467fc8e90 code [0x000001c467fc90c0, 0x000001c467fc9928]
Event: 7.068 Thread 0x000001c473cfe090 nmethod 1327 0x000001c467fc9d90 code [0x000001c467fca020, 0x000001c467fca618]
Event: 7.068 Thread 0x000001c47333d650 1331       1       jdk.internal.org.objectweb.asm.Frame::accept (264 bytes)
Event: 7.068 Thread 0x000001c47333d650 nmethod 1331 0x000001c467fca910 code [0x000001c467fcaae0, 0x000001c467fcaeb8]

GC Heap History (2 events):
Event: 6.891 GC heap before
{Heap before GC invocations=0 (full 0):
 garbage-first heap   total 258048K, used 20480K [0x0000000705e00000, 0x0000000800000000)
  region size 2048K, 11 young (22528K), 0 survivors (0K)
 Metaspace       used 3546K, committed 3648K, reserved 1114112K
  class space    used 401K, committed 448K, reserved 1048576K
}
Event: 6.896 GC heap after
{Heap after GC invocations=1 (full 0):
 garbage-first heap   total 258048K, used 11835K [0x0000000705e00000, 0x0000000800000000)
  region size 2048K, 2 young (4096K), 2 survivors (4096K)
 Metaspace       used 3546K, committed 3648K, reserved 1114112K
  class space    used 401K, committed 448K, reserved 1048576K
}

Dll operation events (10 events):
Event: 0.014 Loaded shared library C:\Users\Admin\.jdks\openjdk-21.0.1\bin\java.dll
Event: 0.138 Loaded shared library C:\Users\Admin\.jdks\openjdk-21.0.1\bin\zip.dll
Event: 0.142 Loaded shared library C:\Users\Admin\.jdks\openjdk-21.0.1\bin\instrument.dll
Event: 0.149 Loaded shared library C:\Users\Admin\.jdks\openjdk-21.0.1\bin\net.dll
Event: 0.150 Loaded shared library C:\Users\Admin\.jdks\openjdk-21.0.1\bin\nio.dll
Event: 0.194 Loaded shared library C:\Users\Admin\.jdks\openjdk-21.0.1\bin\zip.dll
Event: 0.800 Loaded shared library C:\Users\Admin\.jdks\openjdk-21.0.1\bin\jimage.dll
Event: 6.766 Loaded shared library C:\Users\Admin\.jdks\openjdk-21.0.1\bin\extnet.dll
Event: 6.769 Loaded shared library C:\Users\Admin\.jdks\openjdk-21.0.1\bin\management.dll
Event: 6.783 Loaded shared library C:\Users\Admin\.jdks\openjdk-21.0.1\bin\management_ext.dll

Deoptimization events (4 events):
Event: 6.887 Thread 0x000001c4731caf00 DEOPT PACKING pc=0x000001c467d388dd sp=0x000000685aefd7f0
Event: 6.887 Thread 0x000001c4731caf00 DEOPT UNPACKING pc=0x000001c467b64e42 sp=0x000000685aefcca0 mode 3
Event: 6.899 Thread 0x000001c4731caf00 DEOPT PACKING pc=0x000001c467d20b60 sp=0x000000685aefd6f0
Event: 6.899 Thread 0x000001c4731caf00 DEOPT UNPACKING pc=0x000001c467b64e42 sp=0x000000685aefcba8 mode 3

Classes loaded (20 events):
Event: 7.045 Loading class sun/net/www/protocol/jar/JarFileFactory
Event: 7.045 Loading class sun/net/www/protocol/jar/URLJarFile$URLJarFileCloseController
Event: 7.045 Loading class sun/net/www/protocol/jar/URLJarFile$URLJarFileCloseController done
Event: 7.045 Loading class sun/net/www/protocol/jar/JarFileFactory done
Event: 7.045 Loading class sun/net/www/protocol/file/FileURLConnection
Event: 7.045 Loading class sun/net/www/URLConnection
Event: 7.045 Loading class sun/net/www/URLConnection done
Event: 7.045 Loading class sun/net/www/protocol/file/FileURLConnection done
Event: 7.045 Loading class sun/net/www/MessageHeader
Event: 7.045 Loading class sun/net/www/MessageHeader done
Event: 7.046 Loading class sun/net/www/protocol/jar/URLJarFile
Event: 7.046 Loading class sun/net/www/protocol/jar/URLJarFile done
Event: 7.046 Loading class sun/net/www/protocol/jar/URLJarFile$URLJarFileEntry
Event: 7.046 Loading class sun/net/www/protocol/jar/URLJarFile$URLJarFileEntry done
Event: 7.046 Loading class sun/net/www/protocol/jar/JarURLConnection$JarURLInputStream
Event: 7.046 Loading class sun/net/www/protocol/jar/JarURLConnection$JarURLInputStream done
Event: 7.054 Loading class java/lang/IndexOutOfBoundsException
Event: 7.054 Loading class java/lang/IndexOutOfBoundsException done
Event: 7.069 Loading class java/net/MalformedURLException
Event: 7.069 Loading class java/net/MalformedURLException done

Classes unloaded (0 events):
No events

Classes redefined (0 events):
No events

Internal exceptions (16 events):
Event: 6.751 Thread 0x000001c45dbcb140 Exception <a 'java/lang/NoSuchMethodError'{0x0000000715338708}: 'void java.lang.invoke.DirectMethodHandle$Holder.invokeStatic(java.lang.Object, java.lang.Object, java.lang.Object)'> (0x0000000715338708) 
thrown [s\open\src\hotspot\share\interpreter\linkResolver.cpp, line 773]
Event: 6.752 Thread 0x000001c4731caf00 Exception <a 'java/lang/NoSuchMethodError'{0x000000071460bd28}: 'java.lang.Object java.lang.invoke.Invokers$Holder.invokeExact_MT(java.lang.Object, java.lang.Object, java.lang.Object, java.lang.Object, java.lang.Object, java.lang.Object)'> (0x000000071460bd28) 
thrown [s\open\src\hotspot\share\interpreter\linkResolver.cpp, line 773]
Event: 6.755 Thread 0x000001c45dbcb140 Exception <a 'java/lang/NoSuchMethodError'{0x000000071534f538}: 'java.lang.Object java.lang.invoke.Invokers$Holder.invokeExact_MT(java.lang.Object, java.lang.Object, java.lang.Object, java.lang.Object, java.lang.Object)'> (0x000000071534f538) 
thrown [s\open\src\hotspot\share\interpreter\linkResolver.cpp, line 773]
Event: 6.767 Thread 0x000001c473be3390 Exception <a 'java/lang/NoSuchMethodError'{0x0000000714676e30}: 'void java.lang.invoke.DirectMethodHandle$Holder.invokeStatic(java.lang.Object, java.lang.Object)'> (0x0000000714676e30) 
thrown [s\open\src\hotspot\share\interpreter\linkResolver.cpp, line 773]
Event: 6.785 Thread 0x000001c4731caf00 Exception <a 'java/lang/NoSuchMethodError'{0x0000000714645f20}: 'int java.lang.invoke.DirectMethodHandle$Holder.invokeInterface(java.lang.Object, java.lang.Object)'> (0x0000000714645f20) 
thrown [s\open\src\hotspot\share\interpreter\linkResolver.cpp, line 773]
Event: 6.785 Thread 0x000001c4731caf00 Exception <a 'java/lang/IncompatibleClassChangeError'{0x0000000714649120}: Found class java.lang.Object, but interface was expected> (0x0000000714649120) 
thrown [s\open\src\hotspot\share\interpreter\linkResolver.cpp, line 840]
Event: 6.817 Thread 0x000001c4731caf00 Exception <a 'java/lang/NoSuchMethodError'{0x000000071477faa0}: 'int java.lang.invoke.DirectMethodHandle$Holder.invokeSpecial(java.lang.Object, java.lang.Object, java.lang.Object)'> (0x000000071477faa0) 
thrown [s\open\src\hotspot\share\interpreter\linkResolver.cpp, line 773]
Event: 6.848 Thread 0x000001c4731caf00 Exception <a 'java/lang/NoSuchMethodError'{0x00000007144c4480}: 'java.lang.Object java.lang.invoke.DirectMethodHandle$Holder.invokeStaticInit(java.lang.Object, java.lang.Object, java.lang.Object)'> (0x00000007144c4480) 
thrown [s\open\src\hotspot\share\interpreter\linkResolver.cpp, line 773]
Event: 6.961 Thread 0x000001c4731caf00 Exception <a 'java/lang/NoSuchMethodError'{0x00000007157070e8}: 'java.lang.Object java.lang.invoke.DirectMethodHandle$Holder.invokeStaticInit(java.lang.Object, int, int, int, int)'> (0x00000007157070e8) 
thrown [s\open\src\hotspot\share\interpreter\linkResolver.cpp, line 773]
Event: 6.970 Thread 0x000001c4731caf00 Exception <a 'java/lang/NoSuchMethodError'{0x0000000715736800}: 'java.lang.Object java.lang.invoke.DirectMethodHandle$Holder.invokeStaticInit(java.lang.Object, java.lang.Object, int, int, int, int)'> (0x0000000715736800) 
thrown [s\open\src\hotspot\share\interpreter\linkResolver.cpp, line 773]
Event: 6.982 Thread 0x000001c4731caf00 Exception <a 'java/lang/ClassNotFoundException'{0x0000000715753038}: javax/management/remote/rmi/RMIServerImpl_Skel> (0x0000000715753038) 
thrown [s\open\src\hotspot\share\classfile\systemDictionary.cpp, line 312]
Event: 6.995 Thread 0x000001c4731caf00 Exception <a 'java/lang/NoSuchMethodError'{0x000000071576e150}: 'long java.lang.invoke.DirectMethodHandle$Holder.invokeSpecial(java.lang.Object, java.lang.Object)'> (0x000000071576e150) 
thrown [s\open\src\hotspot\share\interpreter\linkResolver.cpp, line 773]
Event: 6.995 Thread 0x000001c4731caf00 Exception <a 'java/lang/NoSuchMethodError'{0x0000000715771818}: 'long java.lang.invoke.Invokers$Holder.invokeExact_MT(java.lang.Object, java.lang.Object)'> (0x0000000715771818) 
thrown [s\open\src\hotspot\share\interpreter\linkResolver.cpp, line 773]
Event: 7.000 Thread 0x000001c4731caf00 Exception <a 'java/lang/NoSuchMethodError'{0x000000071578a950}: 'void java.lang.invoke.DirectMethodHandle$Holder.invokeSpecial(java.lang.Object, java.lang.Object, java.lang.Object)'> (0x000000071578a950) 
thrown [s\open\src\hotspot\share\interpreter\linkResolver.cpp, line 773]
Event: 7.068 Thread 0x000001c45dbcb140 Exception <a 'java/lang/NoSuchMethodError'{0x0000000715212cc0}: 'java.lang.Object java.lang.invoke.DirectMethodHandle$Holder.invokeSpecial(java.lang.Object, java.lang.Object, java.lang.Object, long, java.lang.Object)'> (0x0000000715212cc0) 
thrown [s\open\src\hotspot\share\interpreter\linkResolver.cpp, line 773]
Event: 7.068 Thread 0x000001c45dbcb140 Exception <a 'java/lang/NoSuchMethodError'{0x0000000715216610}: 'java.lang.Object java.lang.invoke.Invokers$Holder.linkToTargetMethod(java.lang.Object, long, java.lang.Object, java.lang.Object)'> (0x0000000715216610) 
thrown [s\open\src\hotspot\share\interpreter\linkResolver.cpp, line 773]

ZGC Phase Switch (0 events):
No events

VM Operations (20 events):
Event: 6.752 Executing VM operation: HandshakeAllThreads (Deoptimize)
Event: 6.752 Executing VM operation: HandshakeAllThreads (Deoptimize) done
Event: 6.759 Executing VM operation: HandshakeAllThreads (Deoptimize)
Event: 6.759 Executing VM operation: HandshakeAllThreads (Deoptimize) done
Event: 6.778 Executing VM operation: HandshakeAllThreads (Deoptimize)
Event: 6.778 Executing VM operation: HandshakeAllThreads (Deoptimize) done
Event: 6.789 Executing VM operation: HandshakeAllThreads (Deoptimize)
Event: 6.789 Executing VM operation: HandshakeAllThreads (Deoptimize) done
Event: 6.891 Executing VM operation: G1CollectForAllocation (G1 Evacuation Pause)
Event: 6.896 Executing VM operation: G1CollectForAllocation (G1 Evacuation Pause) done
Event: 6.942 Executing VM operation: HandshakeAllThreads (Deoptimize)
Event: 6.942 Executing VM operation: HandshakeAllThreads (Deoptimize) done
Event: 6.981 Executing VM operation: HandshakeAllThreads (Deoptimize)
Event: 6.981 Executing VM operation: HandshakeAllThreads (Deoptimize) done
Event: 7.003 Executing VM operation: HandshakeAllThreads (Deoptimize)
Event: 7.003 Executing VM operation: HandshakeAllThreads (Deoptimize) done
Event: 7.043 Executing VM operation: HandshakeAllThreads (Deoptimize)
Event: 7.043 Executing VM operation: HandshakeAllThreads (Deoptimize) done
Event: 7.046 Executing VM operation: HandshakeAllThreads (Deoptimize)
Event: 7.046 Executing VM operation: HandshakeAllThreads (Deoptimize) done

Events (19 events):
Event: 0.025 Thread 0x000001c45dbcb140 Thread added: 0x000001c45dbcb140
Event: 0.034 Thread 0x000001c4731c00c0 Thread added: 0x000001c4731c00c0
Event: 0.034 Thread 0x000001c4731c0d20 Thread added: 0x000001c4731c0d20
Event: 0.034 Thread 0x000001c4731c8080 Thread added: 0x000001c4731c8080
Event: 0.034 Thread 0x000001c4731caf00 Thread added: 0x000001c4731caf00
Event: 0.034 Thread 0x000001c4731cbcc0 Thread added: 0x000001c4731cbcc0
Event: 0.034 Thread 0x000001c4731ce730 Thread added: 0x000001c4731ce730
Event: 0.035 Thread 0x000001c4731d71a0 Thread added: 0x000001c4731d71a0
Event: 0.125 Thread 0x000001c4706ed460 Thread added: 0x000001c4706ed460
Event: 0.130 Thread 0x000001c47333d650 Thread added: 0x000001c47333d650
Event: 0.130 Thread 0x000001c47333dd00 Thread added: 0x000001c47333dd00
Event: 0.130 Thread 0x000001c473357700 Thread added: 0x000001c473357700
Event: 3.729 Thread 0x000001c473357700 Thread exited: 0x000001c473357700
Event: 5.214 Thread 0x000001c47333dd00 Thread exited: 0x000001c47333dd00
Event: 6.758 Thread 0x000001c473be3390 Thread added: 0x000001c473be3390
Event: 6.758 Thread 0x000001c473be3a00 Thread added: 0x000001c473be3a00
Event: 6.887 Thread 0x000001c473cfe090 Thread added: 0x000001c473cfe090
Event: 6.887 Thread 0x000001c473d01e90 Thread added: 0x000001c473d01e90
Event: 6.990 Thread 0x000001c473d8c620 Thread added: 0x000001c473d8c620


Dynamic libraries:
0x00007ff754120000 - 0x00007ff75412e000 	C:\Users\Admin\.jdks\openjdk-21.0.1\bin\java.exe
0x00007ffb5d220000 - 0x00007ffb5d487000 	C:\WINDOWS\SYSTEM32\ntdll.dll
0x00007ffb5be80000 - 0x00007ffb5bf49000 	C:\WINDOWS\System32\KERNEL32.DLL
0x00007ffb5a3a0000 - 0x00007ffb5a78f000 	C:\WINDOWS\System32\KERNELBASE.dll
0x00007ffb5adc0000 - 0x00007ffb5af0b000 	C:\WINDOWS\System32\ucrtbase.dll
0x00007ffb51ef0000 - 0x00007ffb51f08000 	C:\Users\Admin\.jdks\openjdk-21.0.1\bin\jli.dll
0x00007ffb51e90000 - 0x00007ffb51eab000 	C:\Users\Admin\.jdks\openjdk-21.0.1\bin\VCRUNTIME140.dll
0x00007ffb5c180000 - 0x00007ffb5c345000 	C:\WINDOWS\System32\USER32.dll
0x00007ffb5a370000 - 0x00007ffb5a397000 	C:\WINDOWS\System32\win32u.dll
0x00007ffb406d0000 - 0x00007ffb40963000 	C:\WINDOWS\WinSxS\amd64_microsoft.windows.common-controls_6595b64144ccf1df_6.0.26100.7309_none_3e05feeae336a044\COMCTL32.dll
0x00007ffb5c150000 - 0x00007ffb5c17b000 	C:\WINDOWS\System32\GDI32.dll
0x00007ffb5c3f0000 - 0x00007ffb5c499000 	C:\WINDOWS\System32\msvcrt.dll
0x00007ffb5aa90000 - 0x00007ffb5abbc000 	C:\WINDOWS\System32\gdi32full.dll
0x00007ffb5af10000 - 0x00007ffb5afb3000 	C:\WINDOWS\System32\msvcp_win.dll
0x00007ffb5bb50000 - 0x00007ffb5bb81000 	C:\WINDOWS\System32\IMM32.DLL
0x00007ffb49170000 - 0x00007ffb4917c000 	C:\Users\Admin\.jdks\openjdk-21.0.1\bin\vcruntime140_1.dll
0x00007ffb415c0000 - 0x00007ffb4164e000 	C:\Users\Admin\.jdks\openjdk-21.0.1\bin\msvcp140.dll
0x00007ffa571e0000 - 0x00007ffa57ef5000 	C:\Users\Admin\.jdks\openjdk-21.0.1\bin\server\jvm.dll
0x00007ffb5c090000 - 0x00007ffb5c144000 	C:\WINDOWS\System32\ADVAPI32.dll
0x00007ffb5afc0000 - 0x00007ffb5b066000 	C:\WINDOWS\System32\sechost.dll
0x00007ffb5d0c0000 - 0x00007ffb5d1d8000 	C:\WINDOWS\System32\RPCRT4.dll
0x00007ffb5b9e0000 - 0x00007ffb5ba54000 	C:\WINDOWS\System32\WS2_32.dll
0x00007ffb58f80000 - 0x00007ffb58fde000 	C:\WINDOWS\SYSTEM32\POWRPROF.dll
0x00007ffb52fe0000 - 0x00007ffb52feb000 	C:\WINDOWS\SYSTEM32\VERSION.dll
0x00007ffb4fc30000 - 0x00007ffb4fc65000 	C:\WINDOWS\SYSTEM32\WINMM.dll
0x00007ffb58f60000 - 0x00007ffb58f74000 	C:\WINDOWS\SYSTEM32\UMPDC.dll
0x00007ffb59240000 - 0x00007ffb5925b000 	C:\WINDOWS\SYSTEM32\kernel.appcore.dll
0x00007ffb49160000 - 0x00007ffb4916a000 	C:\Users\Admin\.jdks\openjdk-21.0.1\bin\jimage.dll
0x00007ffb574e0000 - 0x00007ffb57722000 	C:\WINDOWS\SYSTEM32\DBGHELP.DLL
0x00007ffb5c4a0000 - 0x00007ffb5c825000 	C:\WINDOWS\System32\combase.dll
0x00007ffb5ba70000 - 0x00007ffb5bb46000 	C:\WINDOWS\System32\OLEAUT32.dll
0x00007ffb449a0000 - 0x00007ffb449dc000 	C:\WINDOWS\SYSTEM32\dbgcore.DLL
0x00007ffb5a920000 - 0x00007ffb5a9c5000 	C:\WINDOWS\System32\bcryptPrimitives.dll
0x00007ffb47a40000 - 0x00007ffb47a4f000 	C:\Users\Admin\.jdks\openjdk-21.0.1\bin\instrument.dll
0x00007ffb48c80000 - 0x00007ffb48c9f000 	C:\Users\Admin\.jdks\openjdk-21.0.1\bin\java.dll
0x00007ffb5b110000 - 0x00007ffb5b863000 	C:\WINDOWS\System32\SHELL32.dll
0x00007ffb5ac50000 - 0x00007ffb5adba000 	C:\WINDOWS\System32\wintypes.dll
0x00007ffb57f90000 - 0x00007ffb587ee000 	C:\WINDOWS\SYSTEM32\windows.storage.dll
0x00007ffb5cb30000 - 0x00007ffb5cc25000 	C:\WINDOWS\System32\SHCORE.dll
0x00007ffb5bf50000 - 0x00007ffb5bfb6000 	C:\WINDOWS\System32\shlwapi.dll
0x00007ffb5a290000 - 0x00007ffb5a2b9000 	C:\WINDOWS\SYSTEM32\profapi.dll
0x00007ffb41580000 - 0x00007ffb41598000 	C:\Users\Admin\.jdks\openjdk-21.0.1\bin\zip.dll
0x00007ffb48c70000 - 0x00007ffb48c80000 	C:\Users\Admin\.jdks\openjdk-21.0.1\bin\net.dll
0x00007ffb532a0000 - 0x00007ffb533c8000 	C:\WINDOWS\SYSTEM32\WINHTTP.dll
0x00007ffb597b0000 - 0x00007ffb5981b000 	C:\WINDOWS\system32\mswsock.dll
0x00007ffb415a0000 - 0x00007ffb415b6000 	C:\Users\Admin\.jdks\openjdk-21.0.1\bin\nio.dll
0x00007ffb58c90000 - 0x00007ffb58dbc000 	C:\WINDOWS\SYSTEM32\DNSAPI.dll
0x00007ffb58bf0000 - 0x00007ffb58c24000 	C:\WINDOWS\SYSTEM32\IPHLPAPI.DLL
0x00007ffb5b070000 - 0x00007ffb5b07a000 	C:\WINDOWS\System32\NSI.dll
0x00007ffb53020000 - 0x00007ffb5302b000 	C:\Windows\System32\rasadhlp.dll
0x00007ffb54810000 - 0x00007ffb54896000 	C:\WINDOWS\System32\fwpuclnt.dll
0x00007ffb41570000 - 0x00007ffb41577000 	C:\Users\Admin\.jdks\openjdk-21.0.1\bin\extnet.dll
0x00007ffb41560000 - 0x00007ffb4156a000 	C:\Users\Admin\.jdks\openjdk-21.0.1\bin\management.dll
0x00007ffb41520000 - 0x00007ffb4152b000 	C:\Users\Admin\.jdks\openjdk-21.0.1\bin\management_ext.dll
0x00007ffb5caf0000 - 0x00007ffb5caf8000 	C:\WINDOWS\System32\PSAPI.DLL
0x00007ffb59a70000 - 0x00007ffb59a8b000 	C:\WINDOWS\SYSTEM32\CRYPTSP.dll
0x00007ffb591a0000 - 0x00007ffb591da000 	C:\WINDOWS\system32\rsaenh.dll
0x00007ffb59860000 - 0x00007ffb5988b000 	C:\WINDOWS\SYSTEM32\USERENV.dll
0x00007ffb5a260000 - 0x00007ffb5a28a000 	C:\WINDOWS\SYSTEM32\bcrypt.dll
0x00007ffb59a90000 - 0x00007ffb59a9c000 	C:\WINDOWS\SYSTEM32\CRYPTBASE.dll
0x00007ffb54ff0000 - 0x00007ffb55008000 	C:\WINDOWS\system32\napinsp.dll
0x00007ffb47b60000 - 0x00007ffb47b72000 	C:\WINDOWS\System32\winrnr.dll
0x00007ffb12970000 - 0x00007ffb12992000 	C:\WINDOWS\system32\nlansp_c.dll
0x00007ffb53dc0000 - 0x00007ffb53dd6000 	C:\WINDOWS\system32\wshbth.dll

dbghelp: loaded successfully - version: 4.0.5 - missing functions: none
symbol engine: initialized successfully - sym options: 0x614 - pdb path: .;C:\Users\Admin\.jdks\openjdk-21.0.1\bin;C:\WINDOWS\SYSTEM32;C:\WINDOWS\WinSxS\amd64_microsoft.windows.common-controls_6595b64144ccf1df_6.0.26100.7309_none_3e05feeae336a044;C:\Users\Admin\.jdks\openjdk-21.0.1\bin\server

VM Arguments:
jvm_args: -Duser.timezone=Asia/Ho_Chi_Minh -XX:TieredStopAtLevel=1 -Dspring.output.ansi.enabled=always -Dcom.sun.management.jmxremote -Dspring.jmx.enabled=true -Dspring.liveBeansView.mbeanDomain -Dspring.application.admin.enabled=true -Dmanagement.endpoints.jmx.exposure.include=* -javaagent:D:\IntelliJ IDEA 2025.2\lib\idea_rt.jar=51372 -Dfile.encoding=UTF-8 -Dsun.stdout.encoding=UTF-8 -Dsun.stderr.encoding=UTF-8 
java_command: com.ticket.TicketApplication
java_class_path (initial): E:\Java_studying\spring\ticket\ticket-be\target\classes;C:\Users\Admin\.m2\repository\org\springframework\boot\spring-boot-starter-security\3.5.7\spring-boot-starter-security-3.5.7.jar;C:\Users\Admin\.m2\repository\org\springframework\boot\spring-boot-starter\3.5.7\spring-boot-starter-3.5.7.jar;C:\Users\Admin\.m2\repository\org\springframework\boot\spring-boot-starter-logging\3.5.7\spring-boot-starter-logging-3.5.7.jar;C:\Users\Admin\.m2\repository\ch\qos\logback\logback-classic\1.5.20\logback-classic-1.5.20.jar;C:\Users\Admin\.m2\repository\ch\qos\logback\logback-core\1.5.20\logback-core-1.5.20.jar;C:\Users\Admin\.m2\repository\org\apache\logging\log4j\log4j-to-slf4j\2.24.3\log4j-to-slf4j-2.24.3.jar;C:\Users\Admin\.m2\repository\org\apache\logging\log4j\log4j-api\2.24.3\log4j-api-2.24.3.jar;C:\Users\Admin\.m2\repository\org\slf4j\jul-to-slf4j\2.0.17\jul-to-slf4j-2.0.17.jar;C:\Users\Admin\.m2\repository\jakarta\annotation\jakarta.annotation-api\2.1.1\jakarta.annotation-api-2.1.1.jar;C:\Users\Admin\.m2\repository\org\yaml\snakeyaml\2.4\snakeyaml-2.4.jar;C:\Users\Admin\.m2\repository\org\springframework\spring-aop\6.2.12\spring-aop-6.2.12.jar;C:\Users\Admin\.m2\repository\org\springframework\spring-beans\6.2.12\spring-beans-6.2.12.jar;C:\Users\Admin\.m2\repository\org\springframework\security\spring-security-config\6.5.6\spring-security-config-6.5.6.jar;C:\Users\Admin\.m2\repository\org\springframework\security\spring-security-web\6.5.6\spring-security-web-6.5.6.jar;C:\Users\Admin\.m2\repository\org\springframework\spring-expression\6.2.12\spring-expression-6.2.12.jar;C:\Users\Admin\.m2\repository\org\springframework\boot\spring-boot-starter-web\3.5.7\spring-boot-starter-web-3.5.7.jar;C:\Users\Admin\.m2\repository\org\springframework\boot\spring-boot-starter-json\3.5.7\spring-boot-starter-json-3.5.7.jar;C:\Users\Admin\.m2\repository\com\fasterxml\jackson\datatype\jackson-datatype-jdk8\2.19.2\jackson-datatype-jdk8-2.19.2.jar;C:\Users\Admin\.m2\repository\com\fasterxml\jackson\datatype\jackson-datatype-jsr310\2.19.2\jackson-datatype-jsr310-2.19.2.jar;C:\Users\Admin\.m2\repository\com\fasterxml\jackson\module\jackson-module-parameter-names\2.19.2\jackson-module-parameter-names-2.19.2.jar;C:\Users\Admin\.m2\repository\org\springframework\boot\spring-boot-starter-tomcat\3.5.7\spring-boot-starter-tomcat-3.5.7.jar;C:\Users\Admin\.m2\repository\org\apache\tomcat\embed\tomcat-embed-core\10.1.48\tomcat-embed-core-10.1.48.jar;C:\Users\Admin\.m2\repository\org\apache\tomcat\embed\tomcat-embed-websocket\10.1.48\tomcat-embed-websocket-10.1.48.jar;C:\Users\Admin\.m2\repository\org\springframework\spring-web\6.2.12\spring-web-6.2.12.jar;C:\Users\Admin\.m2\repository\org\springframework\spring-webmvc\6.2.12\spring-webmvc-6.2.12.jar;C:\Users\Admin\.m2\repository\org\springframework\boot\spring-boot-starter-data-jpa\3.5.7\spring-boot-starter-data-jpa-3.5.7.jar;C:\Users\Admin\.m2\repository\org\springframework\boot\spring-boot-starter-jdbc\3.5.7\spring-boot-starter-jdbc-3.5.7.jar;C:\Users\Admin\.m2\repository\com\zaxxer\HikariCP\6.3.3\HikariCP-6.3.3.jar;C:\Users\Admin\.m2\repository\org\hibernate\orm\hibernate-core\6.6.33.Final\hibernate-core-6.6.33.Final.jar;C:\Users\Admin\.m2\repository\jakarta\persistence\jakarta.persistence-api\3.1.0\jakarta.persistence-api-3.1.0.jar;C:\Users\Admin\.m2\repository\jakarta\transaction\jakarta.transaction-api\2.0.1\jakarta.transaction-api-2.0.1.jar;C:\Users\Admin\.m2\repository\org\jboss\logging\jboss-logging\3.6.1.Final\jboss-logging-3.6.1.Final.jar;C:\Users\Admin\.m2\repository\org\hibernate\common\hibernate-commons-annotations\7.0.3.Final\hibernate-commons-annotations-7.0.3.Final.jar;C:\Users\Admin\.m2\repository\io\smallrye\jandex\3.2.0\jandex-3.2.0.jar;C:\Users\Admin\.m2\repository\com\fasterxml\classmate\1.7.1\classmate-1.7.1.jar;C:\Users\Admin\.m2\repository\net\bytebuddy\byte-buddy\1.17.8\byte-buddy-1.17.8.jar;C:\Users\Admin\.m2\repository\org\glassfish\jaxb\jaxb-runtime\4.0.6\jaxb-runtime-4.0.6.jar;C:\Users\Admin\.m2\repository\org\glassfish\jaxb\jaxb-core\4.0.6\jaxb-core-4.0.6.jar;C:\Users\Admin\.m2\repository\org\glassfish\jaxb\txw2\4.0.6\txw2-4.0.6.jar;C:\Users\Admin\.m2\repository\com\sun\istack\istack-commons-runtime\4.1.2\istack-commons-runtime-4.1.2.jar;C:\Users\Admin\.m2\repository\jakarta\inject\jakarta.inject-api\2.0.1\jakarta.inject-api-2.0.1.jar;C:\Users\Admin\.m2\repository\org\antlr\antlr4-runtime\4.13.0\antlr4-runtime-4.13.0.jar;C:\Users\Admin\.m2\repository\org\springframework\data\spring-data-jpa\3.5.5\spring-data-jpa-3.5.5.jar;C:\Users\Admin\.m2\repository\org\springframework\data\spring-data-commons\3.5.5\spring-data-commons-3.5.5.jar;C:\Users\Admin\.m2\repository\org\springframework\spring-orm\6.2.12\spring-orm-6.2.12.jar;C:\Users\Admin\.m2\repository\org\slf4j\slf4j-api\2.0.17\slf4j-api-2.0.17.jar;C:\Users\Admin\.m2\repository\org\springframework\spring-aspects\6.2.12\spring-aspects-6.2.12.jar;C:\Users\Admin\.m2\repository\org\aspectj\aspectjweaver\1.9.24\aspectjweaver-1.9.24.jar;C:\Users\Admin\.m2\repository\org\springframework\boot\spring-boot-starter-validation\3.5.7\spring-boot-starter-validation-3.5.7.jar;C:\Users\Admin\.m2\repository\org\apache\tomcat\embed\tomcat-embed-el\10.1.48\tomcat-embed-el-10.1.48.jar;C:\Users\Admin\.m2\repository\org\hibernate\validator\hibernate-validator\8.0.3.Final\hibernate-validator-8.0.3.Final.jar;C:\Users\Admin\.m2\repository\jakarta\validation\jakarta.validation-api\3.0.2\jakarta.validation-api-3.0.2.jar;C:\Users\Admin\.m2\repository\org\springframework\boot\spring-boot-starter-web-services\3.5.7\spring-boot-starter-web-services-3.5.7.jar;C:\Users\Admin\.m2\repository\com\sun\xml\messaging\saaj\saaj-impl\3.0.4\saaj-impl-3.0.4.jar;C:\Users\Admin\.m2\repository\jakarta\xml\soap\jakarta.xml.soap-api\3.0.2\jakarta.xml.soap-api-3.0.2.jar;C:\Users\Admin\.m2\repository\org\jvnet\staxex\stax-ex\2.1.0\stax-ex-2.1.0.jar;C:\Users\Admin\.m2\repository\jakarta\activation\jakarta.activation-api\2.1.4\jakarta.activation-api-2.1.4.jar;C:\Users\Admin\.m2\repository\org\eclipse\angus\angus-activation\2.0.3\angus-activation-2.0.3.jar;C:\Users\Admin\.m2\repository\jakarta\xml\ws\jakarta.xml.ws-api\4.0.2\jakarta.xml.ws-api-4.0.2.jar;C:\Users\Admin\.m2\repository\org\springframework\spring-oxm\6.2.12\spring-oxm-6.2.12.jar;C:\Users\Admin\.m2\repository\org\springframework\ws\spring-ws-core\4.1.2\spring-ws-core-4.1.2.jar;C:\Users\Admin\.m2\repository\org\springframework\ws\spring-xml\4.1.2\spring-xml-4.1.2.jar;C:\Users\Admin\.m2\repository\org\springframework\cloud\spring-cloud-starter-circuitbreaker-resilience4j\3.3.0\spring-cloud-starter-circuitbreaker-resilience4j-3.3.0.jar;C:\Users\Admin\.m2\repository\org\springframework\cloud\spring-cloud-starter\4.3.0\spring-cloud-starter-4.3.0.jar;C:\Users\Admin\.m2\repository\org\springframework\cloud\spring-cloud-context\4.3.0\spring-cloud-context-4.3.0.jar;C:\Users\Admin\.m2\repository\org\springframework\cloud\spring-cloud-commons\4.3.0\spring-cloud-commons-4.3.0.jar;C:\Users\Admin\.m2\repository\org\bouncycastle\bcprov-jdk18on\1.80\bcprov-jdk18on-1.80.jar;C:\Users\Admin\.m2\repository\org\springframework\cloud\spring-cloud-circuitbreaker-resilience4j\3.3.0\spring-cloud-circuitbreaker-resilience4j-3.3.0.jar;C:\Users\Admin\.m2\repository\io\github\resilience4j\resilience4j-spring-boot3\2.2.0\resilience4j-spring-boot3-2.2.0.jar;C:\Users\Admin\.m2\repository\io\github\resilience4j\resilience4j-spring6\2.2.0\resilience4j-spring6-2.2.0.jar;C:\Users\Admin\.m2\repository\io\github\resilience4j\resilience4j-annotations\2.2.0\resilience4j-annotations-2.2.0.jar;C:\Users\Admin\.m2\repository\io\github\resilience4j\resilience4j-consumer\2.2.0\resilience4j-consumer-2.2.0.jar;C:\Users\Admin\.m2\repository\io\github\resilience4j\resilience4j-circularbuffer\2.2.0\resilience4j-circularbuffer-2.2.0.jar;C:\Users\Admin\.m2\repository\io\github\resilience4j\resilience4j-framework-common\2.2.0\resilience4j-framework-common-2.2.0.jar;C:\Users\Admin\.m2\repository\io\github\resilience4j\resilience4j-micrometer\2.2.0\resilience4j-micrometer-2.2.0.jar;C:\Users\Admin\.m2\repository\io\github\resilience4j\resilience4j-retry\2.2.0\resilience4j-retry-2.2.0.jar;C:\Users\Admin\.m2\repository\io\github\resilience4j\resilience4j-ratelimiter\2.2.0\resilience4j-ratelimiter-2.2.0.jar;C:\Users\Admin\.m2\repository\org\springframework\boot\spring-boot-configuration-processor\3.5.7\spring-boot-configuration-processor-3.5.7.jar;C:\Users\Admin\.m2\repository\io\github\resilience4j\resilience4j-circuitbreaker\2.2.0\resilience4j-circuitbreaker-2.2.0.jar;C:\Users\Admin\.m2\repository\io\github\resilience4j\resilience4j-core\2.2.0\resilience4j-core-2.2.0.jar;C:\Users\Admin\.m2\repository\io\github\resilience4j\resilience4j-timelimiter\2.2.0\resilience4j-timelimiter-2.2.0.jar;C:\Users\Admin\.m2\repository\org\springframework\kafka\spring-kafka\3.3.10\spring-kafka-3.3.10.jar;C:\Users\Admin\.m2\repository\org\springframework\spring-context\6.2.12\spring-context-6.2.12.jar;C:\Users\Admin\.m2\repository\org\springframework\spring-messaging\6.2.12\spring-messaging-6.2.12.jar;C:\Users\Admin\.m2\repository\org\springframework\spring-tx\6.2.12\spring-tx-6.2.12.jar;C:\Users\Admin\.m2\repository\org\springframework\retry\spring-retry\2.0.12\spring-retry-2.0.12.jar;C:\Users\Admin\.m2\repository\org\apache\kafka\kafka-clients\3.9.1\kafka-clients-3.9.1.jar;C:\Users\Admin\.m2\repository\com\github\luben\zstd-jni\1.5.6-4\zstd-jni-1.5.6-4.jar;C:\Users\Admin\.m2\repository\org\lz4\lz4-java\1.8.0\lz4-java-1.8.0.jar;C:\Users\Admin\.m2\repository\org\xerial\snappy\snappy-java\1.1.10.5\snappy-java-1.1.10.5.jar;C:\Users\Admin\.m2\repository\io\micrometer\micrometer-observation\1.15.5\micrometer-observation-1.15.5.jar;C:\Users\Admin\.m2\repository\io\micrometer\micrometer-commons\1.15.5\micrometer-commons-1.15.5.jar;C:\Users\Admin\.m2\repository\org\springframework\boot\spring-boot-starter-data-redis\3.5.7\spring-boot-starter-data-redis-3.5.7.jar;C:\Users\Admin\.m2\repository\io\lettuce\lettuce-core\6.6.0.RELEASE\lettuce-core-6.6.0.RELEASE.jar;C:\Users\Admin\.m2\repository\redis\clients\authentication\redis-authx-core\0.1.1-beta2\redis-authx-core-0.1.1-beta2.jar;C:\Users\Admin\.m2\repository\io\netty\netty-common\4.1.128.Final\netty-common-4.1.128.Final.jar;C:\Users\Admin\.m2\repository\io\netty\netty-handler\4.1.128.Final\netty-handler-4.1.128.Final.jar;C:\Users\Admin\.m2\repository\io\netty\netty-transport-native-unix-common\4.1.128.Final\netty-transport-native-unix-common-4.1.128.Final.jar;C:\Users\Admin\.m2\repository\io\netty\netty-transport\4.1.128.Final\netty-transport-4.1.128.Final.jar;C:\Users\Admin\.m2\repository\io\projectreactor\reactor-core\3.7.12\reactor-core-3.7.12.jar;C:\Users\Admin\.m2\repository\org\springframework\data\spring-data-redis\3.5.5\spring-data-redis-3.5.5.jar;C:\Users\Admin\.m2\repository\org\springframework\data\spring-data-keyvalue\3.5.5\spring-data-keyvalue-3.5.5.jar;C:\Users\Admin\.m2\repository\org\springframework\spring-context-support\6.2.12\spring-context-support-6.2.12.jar;C:\Users\Admin\.m2\repository\org\springframework\session\spring-session-data-redis\3.5.3\spring-session-data-redis-3.5.3.jar;C:\Users\Admin\.m2\repository\org\springframework\session\spring-session-core\3.5.3\spring-session-core-3.5.3.jar;C:\Users\Admin\.m2\repository\org\springframework\spring-jcl\6.2.12\spring-jcl-6.2.12.jar;C:\Users\Admin\.m2\repository\org\springframework\session\spring-session-jdbc\3.5.3\spring-session-jdbc-3.5.3.jar;C:\Users\Admin\.m2\repository\org\springframework\spring-jdbc\6.2.12\spring-jdbc-6.2.12.jar;C:\Users\Admin\.m2\repository\org\redisson\redisson-spring-boot-starter\3.27.2\redisson-spring-boot-starter-3.27.2.jar;C:\Users\Admin\.m2\repository\org\springframework\boot\spring-boot-starter-actuator\3.5.7\spring-boot-starter-actuator-3.5.7.jar;C:\Users\Admin\.m2\repository\org\springframework\boot\spring-boot-actuator-autoconfigure\3.5.7\spring-boot-actuator-autoconfigure-3.5.7.jar;C:\Users\Admin\.m2\repository\org\springframework\boot\spring-boot-actuator\3.5.7\spring-boot-actuator-3.5.7.jar;C:\Users\Admin\.m2\repository\io\micrometer\micrometer-jakarta9\1.15.5\micrometer-jakarta9-1.15.5.jar;C:\Users\Admin\.m2\repository\io\micrometer\micrometer-core\1.15.5\micrometer-core-1.15.5.jar;C:\Users\Admin\.m2\repository\org\hdrhistogram\HdrHistogram\2.2.2\HdrHistogram-2.2.2.jar;C:\Users\Admin\.m2\repository\org\latencyutils\LatencyUtils\2.0.3\LatencyUtils-2.0.3.jar;C:\Users\Admin\.m2\repository\org\redisson\redisson\3.27.2\redisson-3.27.2.jar;C:\Users\Admin\.m2\repository\io\netty\netty-codec\4.1.128.Final\netty-codec-4.1.128.Final.jar;C:\Users\Admin\.m2\repository\io\netty\netty-buffer\4.1.128.Final\netty-buffer-4.1.128.Final.jar;C:\Users\Admin\.m2\repository\io\netty\netty-resolver\4.1.128.Final\netty-resolver-4.1.128.Final.jar;C:\Users\Admin\.m2\repository\io\netty\netty-resolver-dns\4.1.128.Final\netty-resolver-dns-4.1.128.Final.jar;C:\Users\Admin\.m2\repository\io\netty\netty-codec-dns\4.1.128.Final\netty-codec-dns-4.1.128.Final.jar;C:\Users\Admin\.m2\repository\javax\cache\cache-api\1.1.1\cache-api-1.1.1.jar;C:\Users\Admin\.m2\repository\org\reactivestreams\reactive-streams\1.0.4\reactive-streams-1.0.4.jar;C:\Users\Admin\.m2\repository\io\reactivex\rxjava3\rxjava\3.1.12\rxjava-3.1.12.jar;C:\Users\Admin\.m2\repository\org\jboss\marshalling\jboss-marshalling\2.0.11.Final\jboss-marshalling-2.0.11.Final.jar;C:\Users\Admin\.m2\repository\org\jboss\marshalling\jboss-marshalling-river\2.0.11.Final\jboss-marshalling-river-2.0.11.Final.jar;C:\Users\Admin\.m2\repository\com\esotericsoftware\kryo\5.6.0\kryo-5.6.0.jar;C:\Users\Admin\.m2\repository\com\esotericsoftware\reflectasm\1.11.9\reflectasm-1.11.9.jar;C:\Users\Admin\.m2\repository\com\esotericsoftware\minlog\1.3.1\minlog-1.3.1.jar;C:\Users\Admin\.m2\repository\com\fasterxml\jackson\core\jackson-annotations\2.19.2\jackson-annotations-2.19.2.jar;C:\Users\Admin\.m2\repository\com\fasterxml\jackson\dataformat\jackson-dataformat-yaml\2.19.2\jackson-dataformat-yaml-2.19.2.jar;C:\Users\Admin\.m2\repository\com\fasterxml\jackson\core\jackson-core\2.19.2\jackson-core-2.19.2.jar;C:\Users\Admin\.m2\repository\org\jodd\jodd-bean\5.1.6\jodd-bean-5.1.6.jar;C:\Users\Admin\.m2\repository\org\jodd\jodd-core\5.1.6\jodd-core-5.1.6.jar;C:\Users\Admin\.m2\repository\org\redisson\redisson-spring-data-32\3.27.2\redisson-spring-data-32-3.27.2.jar;C:\Users\Admin\.m2\repository\io\jsonwebtoken\jjwt-api\0.12.3\jjwt-api-0.12.3.jar;C:\Users\Admin\.m2\repository\io\jsonwebtoken\jjwt-impl\0.12.3\jjwt-impl-0.12.3.jar;C:\Users\Admin\.m2\repository\io\jsonwebtoken\jjwt-jackson\0.12.3\jjwt-jackson-0.12.3.jar;C:\Users\Admin\.m2\repository\com\fasterxml\jackson\core\jackson-databind\2.19.2\jackson-databind-2.19.2.jar;C:\Users\Admin\.m2\repository\org\springframework\boot\spring-boot-devtools\3.5.7\spring-boot-devtools-3.5.7.jar;C:\Users\Admin\.m2\repository\org\springframework\boot\spring-boot\3.5.7\spring-boot-3.5.7.jar;C:\Users\Admin\.m2\repository\org\springframework\boot\spring-boot-autoconfigure\3.5.7\spring-boot-autoconfigure-3.5.7.jar;C:\Users\Admin\.m2\repository\org\postgresql\postgresql\42.7.8\postgresql-42.7.8.jar;C:\Users\Admin\.m2\repository\org\checkerframework\checker-qual\3.49.5\checker-qual-3.49.5.jar;C:\Users\Admin\.m2\repository\org\projectlombok\lombok\1.18.42\lombok-1.18.42.jar;C:\Users\Admin\.m2\repository\jakarta\xml\bind\jakarta.xml.bind-api\4.0.4\jakarta.xml.bind-api-4.0.4.jar;C:\Users\Admin\.m2\repository\org\objenesis\objenesis\3.3\objenesis-3.3.jar;C:\Users\Admin\.m2\repository\org\springframework\spring-core\6.2.12\spring-core-6.2.12.jar;C:\Users\Admin\.m2\repository\org\springframework\security\spring-security-core\6.5.6\spring-security-core-6.5.6.jar;C:\Users\Admin\.m2\repository\org\springframework\security\spring-security-crypto\6.5.6\spring-security-crypto-6.5.6.jar;C:\Users\Admin\.m2\repository\org\springframework\boot\spring-boot-starter-websocket\3.5.7\spring-boot-starter-websocket-3.5.7.jar;C:\Users\Admin\.m2\repository\org\springframework\spring-websocket\6.2.12\spring-websocket-6.2.12.jar;C:\Users\Admin\.m2\repository\com\google\zxing\core\3.5.3\core-3.5.3.jar;C:\Users\Admin\.m2\repository\com\google\zxing\javase\3.5.3\javase-3.5.3.jar;C:\Users\Admin\.m2\repository\com\beust\jcommander\1.82\jcommander-1.82.jar;C:\Users\Admin\.m2\repository\com\github\jai-imageio\jai-imageio-core\1.4.0\jai-imageio-core-1.4.0.jar;C:\Users\Admin\.m2\repository\com\cloudinary\cloudinary-core\1.38.0\cloudinary-core-1.38.0.jar;C:\Users\Admin\.m2\repository\com\cloudinary\cloudinary-http45\1.38.0\cloudinary-http45-1.38.0.jar;C:\Users\Admin\.m2\repository\org\apache\commons\commons-lang3\3.17.0\commons-lang3-3.17.0.jar;C:\Users\Admin\.m2\repository\org\apache\httpcomponents\httpclient\4.5.13\httpclient-4.5.13.jar;C:\Users\Admin\.m2\repository\org\apache\httpcomponents\httpcore\4.4.16\httpcore-4.4.16.jar;C:\Users\Admin\.m2\repository\commons-logging\commons-logging\1.2\commons-logging-1.2.jar;C:\Users\Admin\.m2\repository\commons-codec\commons-codec\1.18.0\commons-codec-1.18.0.jar;C:\Users\Admin\.m2\repository\org\apache\httpcomponents\httpmime\4.5.13\httpmime-4.5.13.jar
Launcher Type: SUN_STANDARD

[Global flags]
     intx CICompilerCount                          = 4                                         {product} {ergonomic}
     uint ConcGCThreads                            = 3                                         {product} {ergonomic}
     uint G1ConcRefinementThreads                  = 10                                        {product} {ergonomic}
   size_t G1HeapRegionSize                         = 2097152                                   {product} {ergonomic}
    uintx GCDrainStackTargetSize                   = 64                                        {product} {ergonomic}
   size_t InitialHeapSize                          = 264241152                                 {product} {ergonomic}
     bool ManagementServer                         = true                                      {product} {command line}
   size_t MarkStackSize                            = 4194304                                   {product} {ergonomic}
   size_t MaxHeapSize                              = 4196401152                                {product} {ergonomic}
   size_t MaxNewSize                               = 2516582400                                {product} {ergonomic}
   size_t MinHeapDeltaBytes                        = 2097152                                   {product} {ergonomic}
   size_t MinHeapSize                              = 8388608                                   {product} {ergonomic}
    uintx NonNMethodCodeHeapSize                   = 4096                                   {pd product} {ergonomic}
    uintx NonProfiledCodeHeapSize                  = 0                                      {pd product} {ergonomic}
     bool ProfileInterpreter                       = false                                  {pd product} {command line}
    uintx ProfiledCodeHeapSize                     = 0                                      {pd product} {ergonomic}
   size_t SoftMaxHeapSize                          = 4196401152                             {manageable} {ergonomic}
     intx TieredStopAtLevel                        = 1                                         {product} {command line}
     bool UseCompressedOops                        = true                           {product lp64_product} {ergonomic}
     bool UseG1GC                                  = true                                      {product} {ergonomic}
     bool UseLargePagesIndividualAllocation        = false                                  {pd product} {ergonomic}

Logging:
Log output configuration:
 #0: stdout all=warning uptime,level,tags foldmultilines=false
 #1: stderr all=off uptime,level,tags foldmultilines=false

Environment Variables:
JAVA_HOME=C:\Users\Admin\.jdks\corretto-1.8.0_452
PATH=C:\Windows\system32;C:\Windows;C:\Windows\System32\Wbem;C:\Windows\System32\WindowsPowerShell\v1.0\;C:\Windows\System32\OpenSSH\;C:\Program Files (x86)\NVIDIA Corporation\PhysX\Common;C:\Program Files\dotnet\;C:\WINDOWS\system32;C:\WINDOWS;C:\WINDOWS\System32\Wbem;C:\WINDOWS\System32\WindowsPowerShell\v1.0\;C:\WINDOWS\System32\OpenSSH\;C:\TDM-GCC-64\bin;D:\nodejs\;C:\composer;C:\Program Files\Git\cmd;E:\curl-8.10.1_1-win64-mingw\curl-8.10.1_1-win64-mingw\bin;E:\Internship-Project\SDLLib\DynamicLib;C:\Program Files (x86)\Microsoft SQL Server\160\Tools\Binn\;C:\Program Files\Microsoft SQL Server\160\Tools\Binn\;C:\Program Files\Microsoft SQL Server\Client SDK\ODBC\170\Tools\Binn\;C:\Program Files\Microsoft SQL Server\160\DTS\Binn\;C:\Program Files\apache-maven-3.9.9\bin;C:\Users\Admin\.jdks\openjdk-22.0.2\bin;e:\cursor\resources\app\bin;C:\WINDOWS\system32;C:\WINDOWS;C:\WINDOWS\System32\Wbem;C:\WINDOWS\System32\WindowsPowerShell\v1.0\;C:\WINDOWS\System32\OpenSSH\;C:\Program Files\Cloudflare\Cloudflare WARP\;D:\Docker\resources\bin;C:\Program Files\PowerShell\7\;C:\Program Files\NVIDIA Corporation\NVIDIA App\NvDLISR;C:\Users\Admin\scoop\shims;C:\Users\Admin\AppData\Local\Microsoft\WindowsApps;C:\mingw64\bin;C:\Users\Admin\.dotnet\tools;D:\hadoop-3.4.1\bin;D:\hadoop-3.4.1\sbin;C:\Users\Admin\.jdks\corretto-1.8.0_452\bin;C:\Program Files\JetBrains\IntelliJ IDEA 2023.2.2\bin;C:\Users\Admin\AppData\Local\JetBrains\Toolbox\scripts;C:\Users\Admin\AppData\Roaming\Composer\vendor\bin;C:\Users\Admin\AppData\Local\Microsoft\WinGet\Packages\Schniz.fnm_Microsoft.Winget.Source_8wekyb3d8bbwe;C:\Users\Admin\.dotnet\tools;C:\Users\Admin\AppData\Local\Microsoft\WindowsApps;C:\Program Files\Java\javafx-sdk-21.0.1\bin;C:\Users\Admin\AppData\Roaming\npm;E:\cursor\resources\app\bin;D:\nodejs;E:\IntelliJ IDEA 2025.2\bin;E:\DataGrip 2025.2\bin;
USERNAME=Admin
OS=Windows_NT
PROCESSOR_IDENTIFIER=Intel64 Family 6 Model 154 Stepping 3, GenuineIntel
TMP=C:\Users\Admin\AppData\Local\Temp
TEMP=C:\Users\Admin\AppData\Local\Temp




Periodic native trim disabled

---------------  S Y S T E M  ---------------

OS:
 Windows 11 , 64 bit Build 26100 (10.0.26100.7309)
OS uptime: 0 days 2:32 hours
Hyper-V role detected

CPU: total 12 (initial active 12) (6 cores per cpu, 2 threads per core) family 6 model 154 stepping 3 microcode 0x429, cx8, cmov, fxsr, ht, mmx, 3dnowpref, sse, sse2, sse3, ssse3, sse4.1, sse4.2, popcnt, lzcnt, tsc, tscinvbit, avx, avx2, aes, erms, clmul, bmi1, bmi2, adx, sha, fma, vzeroupper, clflush, clflushopt, clwb, hv, serialize, rdtscp, rdpid, fsrm, f16c, cet_ibt, cet_ss
Processor Information for all 12 processors :
  Max Mhz: 2000, Current Mhz: 2000, Mhz Limit: 2000

Memory: 4k page, system-wide physical 16004M (1975M free)
TotalPageFile size 26235M (AvailPageFile size 0M)
current process WorkingSet (physical memory assigned to process): 85M, peak: 85M
current process commit charge ("private bytes"): 354M, peak: 354M

vm_info: OpenJDK 64-Bit Server VM (21.0.1+12-29) for windows-amd64 JRE (21.0.1+12-29), built on 2023-10-05T13:27:09Z by "mach5one" with MS VC++ 17.1 (VS2022)

END.
